lead_id,lead_source,geography,parent_timezone,created_at,demo_scheduled_at,rep_assigned,rep_shift,follow_up_attempts,demo_joined,demo_completed,converted,joined_flag
L103862,Meta,India,Asia/Kolkata,2026-06-03 09:48:00,2026-06-03 17:05:00,AD-01,US_SHIFT,0,N,N,N,False
L101855,Google,UK,Europe/London,2026-06-03 08:22:00,2026-06-04 02:43:00,AD-11,SEA_SHIFT,0,N,N,N,False
L101921,Referral,Vietnam,Asia/Ho_Chi_Minh,2026-06-04 05:21:00,2026-06-04 11:54:00,AD-03,US_SHIFT,0,N,N,N,False
L102318,Google,UK,Europe/London,2026-06-04 13:53:00,2026-06-05 01:03:00,AD-11,SEA_SHIFT,0,N,N,N,False
L101834,DSA,Saudi Arabia,Asia/Riyadh,2026-06-05 06:48:00,2026-06-05 10:11:00,AD-12,US_SHIFT,0,N,N,N,False
L101713,Organic,Saudi Arabia,Asia/Riyadh,2026-06-05 04:11:00,2026-06-05 14:10:00,AD-06,IST_SHIFT,0,N,N,N,False
L100661,Affiliate,UK,Europe/London,2026-06-05 23:20:00,2026-06-06 11:43:00,AD-08,IST_SHIFT,0,N,N,N,False
L100377,Meta,Singapore,Asia/Singapore,2026-06-02 20:58:00,2026-06-07 15:22:00,AD-07,IST_SHIFT,0,N,N,N,False
L101304,Meta,Vietnam,Asia/Ho_Chi_Minh,2026-06-04 07:33:00,2026-06-07 20:17:00,AD-03,US_SHIFT,0,N,N,N,False
L100751,Meta,UK,Europe/London,2026-06-07 10:29:00,2026-06-07 21:22:00,AD-09,IST_SHIFT,0,N,N,N,False
L103291,Meta,India,Asia/Kolkata,2026-06-07 14:46:00,2026-06-08 08:05:00,AD-03,US_SHIFT,0,N,N,N,False
L101465,Meta,USA,America/New_York,2026-06-07 06:22:00,2026-06-08 08:09:00,AD-08,IST_SHIFT,0,N,N,N,False
L102400,Organic,USA,America/New_York,2026-06-08 02:45:00,2026-06-08 16:55:00,AD-02,US_SHIFT,0,N,N,N,False
L102063,DSA,USA,America/New_York,2026-06-08 02:25:00,2026-06-08 17:36:00,AD-10,SEA_SHIFT,0,N,N,N,False
L100658,Meta,UK,Europe/London,2026-06-05 04:45:00,2026-06-09 00:34:00,AD-11,SEA_SHIFT,0,N,N,N,False
L104575,Meta,UK,Europe/London,2026-06-03 19:25:00,2026-06-09 07:02:00,AD-08,IST_SHIFT,0,N,N,N,False
L102251,Organic,Vietnam,Asia/Ho_Chi_Minh,2026-06-09 23:24:00,2026-06-10 15:40:00,AD-09,IST_SHIFT,0,N,N,N,False
L100070,Affiliate,India,Asia/Kolkata,2026-06-10 01:23:00,2026-06-10 17:30:00,AD-06,IST_SHIFT,0,N,N,N,False
L103080,Meta,India,Asia/Kolkata,2026-06-10 05:31:00,2026-06-10 22:08:00,AD-08,IST_SHIFT,0,N,N,N,False
L102685,Google,Vietnam,Asia/Ho_Chi_Minh,2026-06-08 16:27:00,2026-06-11 03:57:00,AD-12,US_SHIFT,0,N,N,N,False
L102761,Google,Vietnam,Asia/Ho_Chi_Minh,2026-06-10 14:28:00,2026-06-11 07:35:00,AD-09,IST_SHIFT,0,N,N,N,False
L104677,Meta,India,Asia/Kolkata,2026-06-10 03:33:00,2026-06-11 18:12:00,AD-06,IST_SHIFT,0,N,N,N,False
L101902,Meta,USA,America/New_York,2026-06-10 23:12:00,2026-06-11 20:40:00,AD-03,US_SHIFT,0,N,N,N,False
L104000,Organic,USA,America/New_York,2026-06-10 23:31:00,2026-06-12 04:07:00,AD-06,IST_SHIFT,0,N,N,N,False
L100552,Meta,Vietnam,Asia/Ho_Chi_Minh,2026-06-03 01:36:00,2026-06-12 06:51:00,AD-08,IST_SHIFT,0,N,N,N,False
L102980,Organic,India,Asia/Kolkata,2026-06-11 22:05:00,2026-06-12 09:14:00,AD-10,SEA_SHIFT,0,N,N,N,False
L101187,DSA,Australia,Australia/Sydney,2026-06-04 12:12:00,2026-06-13 05:05:00,AD-06,IST_SHIFT,0,N,N,N,False
L102153,DSA,Vietnam,Asia/Ho_Chi_Minh,2026-06-12 20:00:00,2026-06-13 13:40:00,AD-03,US_SHIFT,0,N,N,N,False
L100834,Referral,Vietnam,Asia/Ho_Chi_Minh,2026-06-08 09:49:00,2026-06-13 18:28:00,AD-03,US_SHIFT,0,N,N,N,False
L104676,Meta,Vietnam,Asia/Ho_Chi_Minh,2026-06-10 10:50:00,2026-06-13 20:17:00,AD-01,US_SHIFT,0,N,N,N,False
L100129,Google,USA,America/New_York,2026-06-10 09:35:00,2026-06-14 08:11:00,AD-04,US_SHIFT,0,N,N,N,False
L104869,Affiliate,UAE,Asia/Dubai,2026-06-09 18:10:00,2026-06-14 14:51:00,AD-01,US_SHIFT,0,N,N,N,False
L104691,Meta,India,Asia/Kolkata,2026-06-13 22:38:00,2026-06-14 21:50:00,AD-04,US_SHIFT,0,N,N,N,False
L101078,Organic,UAE,Asia/Dubai,2026-06-10 02:30:00,2026-06-15 02:55:00,AD-05,IST_SHIFT,0,N,N,N,False
L103648,Google,UK,Europe/London,2026-06-14 20:23:00,2026-06-15 07:07:00,AD-07,IST_SHIFT,0,N,N,N,False
L104617,Meta,UAE,Asia/Dubai,2026-06-15 03:43:00,2026-06-15 11:19:00,AD-02,US_SHIFT,0,N,N,N,False
L104919,Organic,Saudi Arabia,Asia/Riyadh,2026-06-15 16:42:00,2026-06-16 16:19:00,AD-04,US_SHIFT,0,N,N,N,False
L104045,Meta,USA,America/New_York,2026-06-14 14:38:00,2026-06-17 09:06:00,AD-01,US_SHIFT,0,N,N,N,False
L103882,Meta,India,Asia/Kolkata,2026-06-16 18:22:00,2026-06-17 18:24:00,AD-01,US_SHIFT,0,N,N,N,False
L103106,Affiliate,UK,Europe/London,2026-06-17 03:24:00,2026-06-17 20:33:00,AD-09,IST_SHIFT,0,N,N,N,False
L102544,Meta,Vietnam,Asia/Ho_Chi_Minh,2026-06-12 05:22:00,2026-06-17 21:17:00,AD-12,US_SHIFT,0,N,N,N,False
L104604,Affiliate,USA,America/New_York,2026-06-17 18:09:00,2026-06-18 13:35:00,AD-03,US_SHIFT,0,N,N,N,False
L101222,Google,USA,America/New_York,2026-06-18 14:55:00,2026-06-18 22:14:00,AD-11,SEA_SHIFT,0,N,N,N,False
L102045,Google,UK,Europe/London,2026-06-14 19:55:00,2026-06-18 23:35:00,AD-04,US_SHIFT,0,N,N,N,False
L103681,Meta,Vietnam,Asia/Ho_Chi_Minh,2026-06-12 23:04:00,2026-06-20 04:15:00,AD-01,US_SHIFT,0,N,N,N,False
L104477,Google,UAE,Asia/Dubai,2026-06-19 11:44:00,2026-06-20 14:32:00,AD-11,SEA_SHIFT,0,N,N,N,False
L104418,Meta,Australia,Australia/Sydney,2026-06-20 18:46:00,2026-06-21 01:04:00,AD-08,IST_SHIFT,0,N,N,N,False
L102976,Affiliate,USA,America/New_York,2026-06-15 09:33:00,2026-06-21 05:18:00,AD-08,IST_SHIFT,0,N,N,N,False
L101603,Meta,Saudi Arabia,Asia/Riyadh,2026-06-15 09:35:00,2026-06-21 07:47:00,AD-03,US_SHIFT,0,N,N,N,False
L104773,DSA,India,Asia/Kolkata,2026-06-21 03:39:00,2026-06-21 18:15:00,AD-09,IST_SHIFT,0,N,N,N,False
L103781,Meta,India,Asia/Kolkata,2026-06-21 20:58:00,2026-06-22 05:33:00,AD-10,SEA_SHIFT,0,N,N,N,False
L103307,Meta,Vietnam,Asia/Ho_Chi_Minh,2026-06-15 07:19:00,2026-06-22 10:13:00,AD-07,IST_SHIFT,0,N,N,N,False
L100825,DSA,UK,Europe/London,2026-06-21 11:57:00,2026-06-22 10:26:00,AD-08,IST_SHIFT,0,N,N,N,False
L100132,Meta,UAE,Asia/Dubai,2026-06-19 15:01:00,2026-06-23 10:57:00,AD-06,IST_SHIFT,0,N,N,N,False
L104354,Meta,USA,America/New_York,2026-06-20 22:35:00,2026-06-24 05:04:00,AD-08,IST_SHIFT,0,N,N,N,False
L103100,DSA,USA,America/New_York,2026-06-24 04:37:00,2026-06-25 02:10:00,AD-07,IST_SHIFT,0,N,N,N,False
L102281,Meta,Vietnam,Asia/Ho_Chi_Minh,2026-06-23 01:07:00,2026-06-25 15:04:00,AD-10,SEA_SHIFT,0,N,N,N,False
L102391,Meta,USA,America/New_York,2026-06-21 11:24:00,2026-06-25 21:07:00,AD-05,IST_SHIFT,0,N,N,N,False
L101357,Google,UK,Europe/London,2026-06-25 15:55:00,2026-06-26 09:26:00,AD-07,IST_SHIFT,0,N,N,N,False
L100188,Meta,USA,America/New_York,2026-06-25 03:28:00,2026-06-26 19:45:00,AD-02,US_SHIFT,0,N,N,N,False
L103377,Google,Vietnam,Asia/Ho_Chi_Minh,2026-06-27 15:11:00,2026-06-28 07:21:00,AD-05,IST_SHIFT,0,N,N,N,False
L104958,Google,Singapore,Asia/Singapore,2026-06-26 23:09:00,2026-06-28 09:03:00,AD-01,US_SHIFT,0,N,N,N,False
L104896,Google,USA,America/New_York,2026-06-28 03:37:00,2026-06-28 11:31:00,AD-12,US_SHIFT,0,N,N,N,False
L102052,Google,USA,America/New_York,2026-06-28 00:49:00,2026-06-28 11:57:00,AD-11,SEA_SHIFT,0,N,N,N,False
L102806,Affiliate,USA,America/New_York,2026-06-27 21:45:00,2026-06-28 13:53:00,AD-06,IST_SHIFT,0,N,N,N,False
L101492,Meta,Australia,Australia/Sydney,2026-06-28 01:15:00,2026-06-28 17:50:00,AD-02,US_SHIFT,0,N,N,N,False
L100173,Affiliate,UK,Europe/London,2026-06-23 01:43:00,2026-06-28 22:01:00,AD-09,IST_SHIFT,0,N,N,N,False
L103977,Affiliate,Vietnam,Asia/Ho_Chi_Minh,2026-06-28 20:40:00,2026-06-29 09:45:00,AD-07,IST_SHIFT,0,N,N,N,False
L102549,Affiliate,India,Asia/Kolkata,2026-06-27 03:19:00,2026-06-29 10:30:00,AD-06,IST_SHIFT,0,N,N,N,False
L103241,Meta,Vietnam,Asia/Ho_Chi_Minh,2026-06-28 17:10:00,2026-06-29 22:48:00,AD-05,IST_SHIFT,0,N,N,N,False
L101595,Affiliate,USA,America/New_York,2026-06-29 20:14:00,2026-06-30 05:42:00,AD-07,IST_SHIFT,0,N,N,N,False
L101545,DSA,USA,America/New_York,2026-06-30 06:31:00,2026-06-30 07:50:00,AD-07,IST_SHIFT,0,N,N,N,False
L103890,Meta,Saudi Arabia,Asia/Riyadh,2026-06-28 04:22:00,2026-06-30 15:24:00,AD-09,IST_SHIFT,0,N,N,N,False
L101323,Affiliate,UK,Europe/London,2026-06-30 15:11:00,2026-07-01 01:54:00,AD-05,IST_SHIFT,0,N,N,N,False
L103753,Meta,UAE,Asia/Dubai,2026-07-01 00:31:00,2026-07-01 02:34:00,AD-02,US_SHIFT,0,N,N,N,False
L101584,Meta,UAE,Asia/Dubai,2026-06-23 16:04:00,2026-07-01 04:07:00,AD-11,SEA_SHIFT,0,N,N,N,False
L103292,Affiliate,Vietnam,Asia/Ho_Chi_Minh,2026-07-01 00:09:00,2026-07-01 10:19:00,AD-06,IST_SHIFT,0,N,N,N,False
L103736,DSA,Vietnam,Asia/Ho_Chi_Minh,2026-06-30 16:23:00,2026-07-01 21:25:00,AD-05,IST_SHIFT,0,N,N,N,False
L103423,Google,India,Asia/Kolkata,2026-06-28 03:27:00,2026-07-02 03:14:00,AD-03,US_SHIFT,0,N,N,N,False
L103792,Meta,Saudi Arabia,Asia/Riyadh,2026-07-02 04:16:00,2026-07-02 19:29:00,AD-07,IST_SHIFT,0,N,N,N,False
L103911,Referral,USA,America/New_York,2026-06-30 00:52:00,2026-07-03 03:43:00,AD-05,IST_SHIFT,0,N,N,N,False
L103318,Organic,India,Asia/Kolkata,2026-07-02 20:31:00,2026-07-03 07:23:00,AD-09,IST_SHIFT,0,N,N,N,False
L104230,Meta,USA,America/New_York,2026-07-02 11:53:00,2026-07-03 08:31:00,AD-06,IST_SHIFT,0,N,N,N,False
L101561,Google,Vietnam,Asia/Ho_Chi_Minh,2026-07-02 08:12:00,2026-07-03 13:46:00,AD-09,IST_SHIFT,0,N,N,N,False
L103068,DSA,USA,America/New_York,2026-06-29 02:11:00,2026-07-04 06:20:00,AD-04,US_SHIFT,0,N,N,N,False
L102657,Affiliate,Australia,Australia/Sydney,2026-07-03 04:45:00,2026-07-04 06:41:00,AD-04,US_SHIFT,0,N,N,N,False
L103127,Google,Vietnam,Asia/Ho_Chi_Minh,2026-07-01 05:47:00,2026-07-04 08:04:00,AD-02,US_SHIFT,0,N,N,N,False
L102354,Referral,USA,America/New_York,2026-07-03 20:11:00,2026-07-04 09:15:00,AD-05,IST_SHIFT,0,N,N,N,False
L102393,Affiliate,Saudi Arabia,Asia/Riyadh,2026-07-04 20:31:00,2026-07-04 22:11:00,AD-12,US_SHIFT,0,N,N,N,False
L103325,Google,USA,America/New_York,2026-07-01 13:16:00,2026-07-05 08:56:00,AD-03,US_SHIFT,0,N,N,N,False
L101278,Google,India,Asia/Kolkata,2026-07-05 01:40:00,2026-07-05 15:32:00,AD-12,US_SHIFT,0,N,N,N,False
L103506,Meta,USA,America/New_York,2026-07-04 23:40:00,2026-07-06 09:37:00,AD-05,IST_SHIFT,0,N,N,N,False
L101785,Meta,USA,America/New_York,2026-07-04 23:33:00,2026-07-06 17:15:00,AD-02,US_SHIFT,0,N,N,N,False
L104270,Referral,USA,America/New_York,2026-06-30 22:46:00,2026-07-06 17:56:00,AD-10,SEA_SHIFT,0,N,N,N,False
L101673,Affiliate,USA,America/New_York,2026-07-06 10:22:00,2026-07-06 18:44:00,AD-05,IST_SHIFT,0,N,N,N,False
L101346,Referral,UK,Europe/London,2026-07-06 09:36:00,2026-07-07 01:08:00,AD-06,IST_SHIFT,0,N,N,N,False
L100540,Google,UAE,Asia/Dubai,2026-07-04 23:40:00,2026-07-08 06:44:00,AD-07,IST_SHIFT,0,N,N,N,False
L104394,Google,Vietnam,Asia/Ho_Chi_Minh,2026-07-04 00:57:00,2026-07-08 07:21:00,AD-03,US_SHIFT,0,N,N,N,False
L104796,Meta,UAE,Asia/Dubai,2026-07-05 16:33:00,2026-07-08 19:07:00,AD-05,IST_SHIFT,0,N,N,N,False
L101012,Meta,Australia,Australia/Sydney,2026-07-08 02:32:00,2026-07-08 22:35:00,AD-04,US_SHIFT,0,N,N,N,False
L102956,Referral,Saudi Arabia,Asia/Riyadh,2026-07-08 07:27:00,2026-07-09 01:20:00,AD-02,US_SHIFT,0,N,N,N,False
L100944,Google,Vietnam,Asia/Ho_Chi_Minh,2026-07-09 00:02:00,2026-07-10 03:06:00,AD-02,US_SHIFT,0,N,N,N,False
L104494,Meta,Singapore,Asia/Singapore,2026-07-09 09:19:00,2026-07-10 04:30:00,AD-04,US_SHIFT,0,N,N,N,False
L103880,Meta,Vietnam,Asia/Ho_Chi_Minh,2026-07-09 08:24:00,2026-07-10 07:48:00,AD-04,US_SHIFT,0,N,N,N,False
L100075,Organic,Singapore,Asia/Singapore,2026-07-09 19:04:00,2026-07-10 08:35:00,AD-04,US_SHIFT,0,N,N,N,False
L102136,Meta,Vietnam,Asia/Ho_Chi_Minh,2026-07-10 04:32:00,2026-07-10 12:16:00,AD-11,SEA_SHIFT,0,N,N,N,False
L102297,Google,UK,Europe/London,2026-07-10 03:40:00,2026-07-10 15:11:00,AD-07,IST_SHIFT,0,N,N,N,False
L100422,Affiliate,Australia,Australia/Sydney,2026-07-06 14:22:00,2026-07-10 22:29:00,AD-06,IST_SHIFT,0,N,N,N,False
L102421,DSA,Australia,Australia/Sydney,2026-07-05 22:14:00,2026-07-11 06:45:00,AD-06,IST_SHIFT,0,N,N,N,False
L101128,Affiliate,USA,America/New_York,2026-07-11 05:32:00,2026-07-11 08:52:00,AD-02,US_SHIFT,0,N,N,N,False
L102349,DSA,USA,America/New_York,2026-07-06 11:23:00,2026-07-11 12:32:00,AD-12,US_SHIFT,0,N,N,N,False
L100289,Affiliate,USA,America/New_York,2026-07-07 12:34:00,2026-07-12 00:27:00,AD-05,IST_SHIFT,0,N,N,N,False
L101767,Meta,Vietnam,Asia/Ho_Chi_Minh,2026-07-02 15:18:00,2026-07-12 04:00:00,AD-07,IST_SHIFT,0,N,N,N,False
L100032,Google,USA,America/New_York,2026-07-09 11:47:00,2026-07-12 04:20:00,AD-04,US_SHIFT,0,N,N,N,False
L101871,Google,Saudi Arabia,Asia/Riyadh,2026-07-09 00:20:00,2026-07-12 05:35:00,AD-05,IST_SHIFT,0,N,N,N,False
L102874,Google,USA,America/New_York,2026-07-12 11:01:00,2026-07-12 16:45:00,AD-09,IST_SHIFT,0,N,N,N,False
L104706,Google,Singapore,Asia/Singapore,2026-07-12 10:09:00,2026-07-12 17:38:00,AD-01,US_SHIFT,0,N,N,N,False
L102070,Google,UK,Europe/London,2026-07-08 15:44:00,2026-07-13 01:46:00,AD-01,US_SHIFT,0,N,N,N,False
L102752,Google,USA,America/New_York,2026-07-13 00:08:00,2026-07-13 03:27:00,AD-09,IST_SHIFT,0,N,N,N,False
L103384,Google,Vietnam,Asia/Ho_Chi_Minh,2026-07-09 21:08:00,2026-07-13 10:49:00,AD-04,US_SHIFT,0,N,N,N,False
L100411,Meta,Saudi Arabia,Asia/Riyadh,2026-07-12 16:31:00,2026-07-13 11:59:00,AD-01,US_SHIFT,0,N,N,N,False
L101889,Organic,Vietnam,Asia/Ho_Chi_Minh,2026-07-11 10:37:00,2026-07-13 20:38:00,AD-08,IST_SHIFT,0,N,N,N,False
L104912,Meta,India,Asia/Kolkata,2026-07-13 16:32:00,2026-07-14 01:04:00,AD-05,IST_SHIFT,0,N,N,N,False
L100937,Referral,India,Asia/Kolkata,2026-07-13 01:03:00,2026-07-14 06:03:00,AD-10,SEA_SHIFT,0,N,N,N,False
L100092,Referral,USA,America/New_York,2026-07-12 20:14:00,2026-07-14 10:02:00,AD-01,US_SHIFT,0,N,N,N,False
L103568,Meta,USA,America/New_York,2026-07-14 06:32:00,2026-07-14 18:49:00,AD-11,SEA_SHIFT,0,N,N,N,False
L104587,Google,Vietnam,Asia/Ho_Chi_Minh,2026-07-13 08:51:00,2026-07-15 03:39:00,AD-01,US_SHIFT,0,N,N,N,False
L103834,Affiliate,UAE,Asia/Dubai,2026-07-12 12:04:00,2026-07-15 13:09:00,AD-10,SEA_SHIFT,0,N,N,N,False
L104191,Meta,Singapore,Asia/Singapore,2026-07-16 06:40:00,2026-07-16 11:40:00,AD-09,IST_SHIFT,0,N,N,N,False
L102670,Meta,Saudi Arabia,Asia/Riyadh,2026-07-16 03:16:00,2026-07-16 12:08:00,AD-08,IST_SHIFT,0,N,N,N,False
L101501,Meta,Saudi Arabia,Asia/Riyadh,2026-07-16 01:54:00,2026-07-16 14:29:00,AD-12,US_SHIFT,0,N,N,N,False
L104787,Google,Vietnam,Asia/Ho_Chi_Minh,2026-07-16 16:27:00,2026-07-16 21:13:00,AD-06,IST_SHIFT,0,N,N,N,False
L104004,Meta,Singapore,Asia/Singapore,2026-07-17 03:44:00,2026-07-17 10:48:00,AD-09,IST_SHIFT,0,N,N,N,False
L102341,Meta,USA,America/New_York,2026-07-10 10:49:00,2026-07-17 14:12:00,AD-06,IST_SHIFT,0,N,N,N,False
L100249,Affiliate,Saudi Arabia,Asia/Riyadh,2026-07-16 13:25:00,2026-07-17 15:06:00,AD-08,IST_SHIFT,0,N,N,N,False
L104138,Affiliate,India,Asia/Kolkata,2026-07-13 08:30:00,2026-07-18 05:05:00,AD-10,SEA_SHIFT,0,N,N,N,False
L101615,Google,USA,America/New_York,2026-07-17 12:48:00,2026-07-18 08:16:00,AD-08,IST_SHIFT,0,N,N,N,False
L101010,Meta,India,Asia/Kolkata,2026-07-19 01:08:00,2026-07-19 03:48:00,AD-05,IST_SHIFT,0,N,N,N,False
L102038,Meta,USA,America/New_York,2026-07-19 23:35:00,2026-07-20 04:44:00,AD-05,IST_SHIFT,0,N,N,N,False
L101253,Meta,India,Asia/Kolkata,2026-07-20 05:03:00,2026-07-20 21:59:00,AD-07,IST_SHIFT,0,N,N,N,False
L103868,Meta,UK,Europe/London,2026-07-14 16:06:00,2026-07-20 23:37:00,AD-06,IST_SHIFT,0,N,N,N,False
L100511,Meta,UAE,Asia/Dubai,2026-07-21 03:21:00,2026-07-21 09:18:00,AD-07,IST_SHIFT,0,N,N,N,False
L104038,Google,UAE,Asia/Dubai,2026-07-16 17:56:00,2026-07-21 12:02:00,AD-06,IST_SHIFT,0,N,N,N,False
L104516,Meta,Australia,Australia/Sydney,2026-07-14 04:10:00,2026-07-21 14:12:00,AD-01,US_SHIFT,0,N,N,N,False
L100922,Google,Saudi Arabia,Asia/Riyadh,2026-07-20 17:56:00,2026-07-21 15:52:00,AD-11,SEA_SHIFT,0,N,N,N,False
L100026,Referral,USA,America/New_York,2026-07-21 13:52:00,2026-07-21 19:47:00,AD-07,IST_SHIFT,0,N,N,N,False
L102825,Google,USA,America/New_York,2026-07-21 10:06:00,2026-07-21 20:22:00,AD-02,US_SHIFT,0,N,N,N,False
L101158,Meta,USA,America/New_York,2026-07-14 10:25:00,2026-07-21 21:57:00,AD-08,IST_SHIFT,0,N,N,N,False
L101765,Google,Vietnam,Asia/Ho_Chi_Minh,2026-07-22 11:07:00,2026-07-22 13:14:00,AD-03,US_SHIFT,0,N,N,N,False
L102979,Meta,USA,America/New_York,2026-07-22 14:13:00,2026-07-23 08:49:00,AD-12,US_SHIFT,0,N,N,N,False
L103393,Affiliate,Vietnam,Asia/Ho_Chi_Minh,2026-07-23 05:35:00,2026-07-23 20:05:00,AD-05,IST_SHIFT,0,N,N,N,False
L100856,Google,India,Asia/Kolkata,2026-07-19 23:31:00,2026-07-23 23:58:00,AD-05,IST_SHIFT,0,N,N,N,False
L100844,Organic,USA,America/New_York,2026-07-22 11:24:00,2026-07-24 01:33:00,AD-09,IST_SHIFT,0,N,N,N,False
L101638,Google,USA,America/New_York,2026-07-23 19:21:00,2026-07-24 09:18:00,AD-08,IST_SHIFT,0,N,N,N,False
L103791,Meta,USA,America/New_York,2026-07-24 04:41:00,2026-07-24 15:47:00,AD-03,US_SHIFT,0,N,N,N,False
L103553,Google,USA,America/New_York,2026-07-24 22:12:00,2026-07-25 04:32:00,AD-05,IST_SHIFT,0,N,N,N,False
L104986,Google,USA,America/New_York,2026-07-25 03:16:00,2026-07-25 10:37:00,AD-07,IST_SHIFT,0,N,N,N,False
L102975,Google,Australia,Australia/Sydney,2026-07-25 04:08:00,2026-07-25 19:46:00,AD-01,US_SHIFT,0,N,N,N,False
L102729,DSA,UK,Europe/London,2026-07-22 02:24:00,2026-07-26 00:58:00,AD-08,IST_SHIFT,0,N,N,N,False
L104668,Meta,Vietnam,Asia/Ho_Chi_Minh,2026-07-25 04:06:00,2026-07-26 07:41:00,AD-10,SEA_SHIFT,0,N,N,N,False
L102580,Affiliate,UAE,Asia/Dubai,2026-07-25 23:04:00,2026-07-26 16:05:00,AD-12,US_SHIFT,0,N,N,N,False
L101262,Meta,USA,America/New_York,2026-07-26 13:45:00,2026-07-27 03:49:00,AD-10,SEA_SHIFT,0,N,N,N,False
L100842,Google,Vietnam,Asia/Ho_Chi_Minh,2026-07-27 03:51:00,2026-07-27 22:27:00,AD-06,IST_SHIFT,0,N,N,N,False
L103422,Organic,USA,America/New_York,2026-07-27 19:50:00,2026-07-27 22:45:00,AD-06,IST_SHIFT,0,N,N,N,False
L103877,Google,India,Asia/Kolkata,2026-07-28 15:40:00,2026-07-28 21:16:00,AD-05,IST_SHIFT,0,N,N,N,False
L102927,Google,Australia,Australia/Sydney,2026-07-28 15:57:00,2026-07-29 08:27:00,AD-03,US_SHIFT,0,N,N,N,False
L100205,Meta,USA,America/New_York,2026-07-28 10:13:00,2026-07-29 14:22:00,AD-04,US_SHIFT,0,N,N,N,False
L101466,Affiliate,USA,America/New_York,2026-07-29 21:53:00,2026-07-29 23:16:00,AD-01,US_SHIFT,0,N,N,N,False
L100464,Meta,Vietnam,Asia/Ho_Chi_Minh,2026-07-30 00:56:00,2026-07-30 06:30:00,AD-04,US_SHIFT,0,N,N,N,False
L100110,Google,Saudi Arabia,Asia/Riyadh,2026-07-29 07:05:00,2026-07-30 14:40:00,AD-06,IST_SHIFT,0,N,N,N,False
L102458,Meta,UAE,Asia/Dubai,2026-07-30 07:06:00,2026-07-30 15:55:00,AD-01,US_SHIFT,0,N,N,N,False
L102420,Meta,Saudi Arabia,Asia/Riyadh,2026-07-27 11:50:00,2026-07-30 19:43:00,AD-01,US_SHIFT,0,N,N,N,False
L104023,Google,USA,America/New_York,2026-07-29 19:19:00,2026-07-31 03:53:00,AD-12,US_SHIFT,0,N,N,N,False
L102557,Affiliate,Singapore,Asia/Singapore,2026-07-30 06:27:00,2026-07-31 09:08:00,AD-11,SEA_SHIFT,0,N,N,N,False
L103764,Organic,Vietnam,Asia/Ho_Chi_Minh,2026-07-27 20:29:00,2026-07-31 12:57:00,AD-01,US_SHIFT,0,N,N,N,False
L104094,Meta,UAE,Asia/Dubai,2026-07-31 06:21:00,2026-08-01 03:14:00,AD-06,IST_SHIFT,0,N,N,N,False
L104073,Meta,India,Asia/Kolkata,2026-07-30 12:50:00,2026-08-01 13:15:00,AD-03,US_SHIFT,0,N,N,N,False
L102446,Google,UAE,Asia/Dubai,2026-07-30 04:15:00,2026-08-03 17:38:00,AD-01,US_SHIFT,0,N,N,N,False
L102730,Meta,USA,America/New_York,2026-07-25 15:49:00,2026-08-04 12:46:00,AD-01,US_SHIFT,0,N,N,N,False
L102860,Google,Australia,Australia/Sydney,2026-07-31 09:27:00,2026-08-05 11:38:00,AD-07,IST_SHIFT,0,N,N,N,False
L103918,Meta,USA,America/New_York,2026-06-01 05:42:00,2026-06-01 15:54:00,AD-02,US_SHIFT,1,N,N,N,False
L101498,Google,Vietnam,Asia/Ho_Chi_Minh,2026-06-01 08:54:00,2026-06-02 12:00:00,AD-05,IST_SHIFT,1,N,N,N,False
L100790,Google,Vietnam,Asia/Ho_Chi_Minh,2026-06-02 12:43:00,2026-06-02 21:14:00,AD-09,IST_SHIFT,1,N,N,N,False
L102041,Meta,UAE,Asia/Dubai,2026-06-03 02:04:00,2026-06-03 06:35:00,AD-02,US_SHIFT,1,N,N,N,False
L104306,Meta,USA,America/New_York,2026-06-03 08:12:00,2026-06-04 03:26:00,AD-10,SEA_SHIFT,1,N,N,N,False
L100721,Affiliate,USA,America/New_York,2026-06-04 12:00:00,2026-06-05 03:15:00,AD-06,IST_SHIFT,1,N,N,N,False
L104406,Referral,UK,Europe/London,2026-06-03 19:25:00,2026-06-05 08:28:00,AD-12,US_SHIFT,1,N,N,N,False
L103298,Google,USA,America/New_York,2026-06-03 20:29:00,2026-06-05 22:34:00,AD-11,SEA_SHIFT,1,N,N,N,False
L102623,DSA,Vietnam,Asia/Ho_Chi_Minh,2026-06-04 10:39:00,2026-06-06 05:27:00,AD-09,IST_SHIFT,1,N,N,N,False
L102453,Meta,USA,America/New_York,2026-06-06 00:45:00,2026-06-06 06:49:00,AD-09,IST_SHIFT,1,N,N,N,False
L101991,Google,Vietnam,Asia/Ho_Chi_Minh,2026-06-05 08:18:00,2026-06-06 07:00:00,AD-01,US_SHIFT,1,N,N,N,False
L102238,Google,USA,America/New_York,2026-06-05 22:50:00,2026-06-06 07:02:00,AD-07,IST_SHIFT,1,N,N,N,False
L101709,Meta,UK,Europe/London,2026-06-03 22:43:00,2026-06-06 21:39:00,AD-08,IST_SHIFT,1,N,N,N,False
L100601,Meta,India,Asia/Kolkata,2026-06-06 09:54:00,2026-06-06 22:42:00,AD-04,US_SHIFT,1,N,N,N,False
L103671,Organic,USA,America/New_York,2026-06-06 20:48:00,2026-06-07 03:26:00,AD-10,SEA_SHIFT,1,N,N,N,False
L104072,Meta,India,Asia/Kolkata,2026-06-06 12:11:00,2026-06-07 05:20:00,AD-06,IST_SHIFT,1,N,N,N,False
L104055,DSA,UK,Europe/London,2026-06-06 04:00:00,2026-06-07 05:52:00,AD-01,US_SHIFT,1,N,N,N,False
L104917,Affiliate,UAE,Asia/Dubai,2026-06-06 11:49:00,2026-06-07 08:23:00,AD-01,US_SHIFT,1,N,N,N,False
L103821,Organic,Vietnam,Asia/Ho_Chi_Minh,2026-06-07 07:31:00,2026-06-07 18:30:00,AD-06,IST_SHIFT,1,N,N,N,False
L103985,Affiliate,India,Asia/Kolkata,2026-06-07 15:08:00,2026-06-07 21:26:00,AD-04,US_SHIFT,1,N,N,N,False
L102222,Affiliate,Saudi Arabia,Asia/Riyadh,2026-06-02 10:59:00,2026-06-08 00:17:00,AD-03,US_SHIFT,1,N,N,N,False
L100307,Meta,UAE,Asia/Dubai,2026-06-07 06:42:00,2026-06-08 10:28:00,AD-07,IST_SHIFT,1,N,N,N,False
L104719,Meta,USA,America/New_York,2026-06-07 07:28:00,2026-06-08 15:52:00,AD-01,US_SHIFT,1,N,N,N,False
L104501,Meta,India,Asia/Kolkata,2026-06-08 17:30:00,2026-06-08 23:46:00,AD-10,SEA_SHIFT,1,N,N,N,False
L100223,Meta,USA,America/New_York,2026-06-06 02:56:00,2026-06-09 07:50:00,AD-07,IST_SHIFT,1,N,N,N,False
L100484,Meta,Australia,Australia/Sydney,2026-06-02 15:03:00,2026-06-09 08:06:00,AD-12,US_SHIFT,1,N,N,N,False
L104568,Meta,USA,America/New_York,2026-06-06 15:51:00,2026-06-09 13:24:00,AD-02,US_SHIFT,1,N,N,N,False
L100415,Affiliate,UAE,Asia/Dubai,2026-06-08 20:49:00,2026-06-09 14:27:00,AD-02,US_SHIFT,1,N,N,N,False
L103879,Meta,UK,Europe/London,2026-06-07 13:41:00,2026-06-10 04:47:00,AD-05,IST_SHIFT,1,N,N,N,False
L104511,DSA,India,Asia/Kolkata,2026-06-06 10:25:00,2026-06-10 13:37:00,AD-03,US_SHIFT,1,N,N,N,False
L102842,Organic,USA,America/New_York,2026-06-06 17:42:00,2026-06-10 17:57:00,AD-03,US_SHIFT,1,N,N,N,False
L101074,Google,India,Asia/Kolkata,2026-06-09 17:59:00,2026-06-10 18:56:00,AD-08,IST_SHIFT,1,N,N,N,False
L101573,Meta,India,Asia/Kolkata,2026-06-07 22:19:00,2026-06-10 20:22:00,AD-01,US_SHIFT,1,N,N,N,False
L100389,Meta,Saudi Arabia,Asia/Riyadh,2026-06-10 13:33:00,2026-06-10 22:18:00,AD-11,SEA_SHIFT,1,N,N,N,False
L101178,Meta,USA,America/New_York,2026-06-08 00:45:00,2026-06-11 00:53:00,AD-10,SEA_SHIFT,1,N,N,N,False
L100059,Affiliate,Singapore,Asia/Singapore,2026-06-10 09:15:00,2026-06-11 05:18:00,AD-01,US_SHIFT,1,N,N,N,False
L102089,Meta,USA,America/New_York,2026-06-06 16:54:00,2026-06-11 07:01:00,AD-11,SEA_SHIFT,1,N,N,N,False
L101768,DSA,UAE,Asia/Dubai,2026-06-11 12:05:00,2026-06-11 16:59:00,AD-03,US_SHIFT,1,N,N,N,False
L103605,Meta,UK,Europe/London,2026-06-11 17:59:00,2026-06-12 00:14:00,AD-02,US_SHIFT,1,N,N,N,False
L104733,Meta,UAE,Asia/Dubai,2026-06-08 15:22:00,2026-06-12 02:59:00,AD-02,US_SHIFT,1,N,N,N,False
L102134,Google,USA,America/New_York,2026-06-11 21:25:00,2026-06-12 04:54:00,AD-01,US_SHIFT,1,N,N,N,False
L100043,Google,Australia,Australia/Sydney,2026-06-11 23:24:00,2026-06-12 05:12:00,AD-08,IST_SHIFT,1,N,N,N,False
L101060,Meta,UK,Europe/London,2026-06-11 13:20:00,2026-06-12 11:21:00,AD-02,US_SHIFT,1,N,N,N,False
L102935,DSA,USA,America/New_York,2026-06-11 16:12:00,2026-06-12 14:00:00,AD-01,US_SHIFT,1,N,N,N,False
L101705,Meta,Saudi Arabia,Asia/Riyadh,2026-06-10 15:25:00,2026-06-12 23:08:00,AD-09,IST_SHIFT,1,N,N,N,False
L101923,Meta,India,Asia/Kolkata,2026-06-08 06:10:00,2026-06-13 07:15:00,AD-07,IST_SHIFT,1,N,N,N,False
L103602,Meta,India,Asia/Kolkata,2026-06-12 18:51:00,2026-06-13 07:52:00,AD-08,IST_SHIFT,1,N,N,N,False
L102235,Meta,UAE,Asia/Dubai,2026-06-09 14:59:00,2026-06-13 12:48:00,AD-07,IST_SHIFT,1,N,N,N,False
L100362,Meta,USA,America/New_York,2026-06-13 11:47:00,2026-06-13 15:52:00,AD-01,US_SHIFT,1,N,N,N,False
L101214,Meta,UK,Europe/London,2026-06-09 09:22:00,2026-06-13 16:15:00,AD-09,IST_SHIFT,1,N,N,N,False
L102425,Google,Vietnam,Asia/Ho_Chi_Minh,2026-06-08 22:57:00,2026-06-14 02:37:00,AD-03,US_SHIFT,1,N,N,N,False
L103145,Google,Vietnam,Asia/Ho_Chi_Minh,2026-06-14 01:51:00,2026-06-14 05:13:00,AD-10,SEA_SHIFT,1,N,N,N,False
L102121,Google,UK,Europe/London,2026-06-11 23:34:00,2026-06-14 08:46:00,AD-01,US_SHIFT,1,N,N,N,False
L102931,Meta,India,Asia/Kolkata,2026-06-14 01:08:00,2026-06-14 09:16:00,AD-07,IST_SHIFT,1,N,N,N,False
L101434,Google,UK,Europe/London,2026-06-13 11:14:00,2026-06-14 22:19:00,AD-06,IST_SHIFT,1,N,N,N,False
L104693,DSA,Singapore,Asia/Singapore,2026-06-12 09:55:00,2026-06-15 05:26:00,AD-05,IST_SHIFT,1,N,N,N,False
L100323,Google,USA,America/New_York,2026-06-15 00:13:00,2026-06-15 09:29:00,AD-05,IST_SHIFT,1,N,N,N,False
L100756,Organic,UK,Europe/London,2026-06-15 02:04:00,2026-06-15 16:36:00,AD-10,SEA_SHIFT,1,N,N,N,False
L103580,Meta,Australia,Australia/Sydney,2026-06-12 17:44:00,2026-06-15 17:07:00,AD-04,US_SHIFT,1,N,N,N,False
L101938,Meta,USA,America/New_York,2026-06-15 16:45:00,2026-06-15 21:19:00,AD-02,US_SHIFT,1,N,N,N,False
L100399,DSA,UAE,Asia/Dubai,2026-06-15 09:05:00,2026-06-16 06:03:00,AD-03,US_SHIFT,1,N,N,N,False
L104422,Referral,Vietnam,Asia/Ho_Chi_Minh,2026-06-15 17:25:00,2026-06-16 10:00:00,AD-03,US_SHIFT,1,N,N,N,False
L104839,Meta,USA,America/New_York,2026-06-16 05:01:00,2026-06-16 14:05:00,AD-06,IST_SHIFT,1,N,N,N,False
L102037,Meta,USA,America/New_York,2026-06-10 14:19:00,2026-06-16 20:19:00,AD-03,US_SHIFT,1,N,N,N,False
L104182,Affiliate,Saudi Arabia,Asia/Riyadh,2026-06-13 05:52:00,2026-06-17 12:54:00,AD-09,IST_SHIFT,1,N,N,N,False
L101813,DSA,Saudi Arabia,Asia/Riyadh,2026-06-15 02:35:00,2026-06-17 13:50:00,AD-11,SEA_SHIFT,1,N,N,N,False
L103667,Google,Saudi Arabia,Asia/Riyadh,2026-06-17 13:24:00,2026-06-17 15:56:00,AD-05,IST_SHIFT,1,N,N,N,False
L101568,Meta,India,Asia/Kolkata,2026-06-16 09:35:00,2026-06-17 19:27:00,AD-05,IST_SHIFT,1,N,N,N,False
L101035,Organic,USA,America/New_York,2026-06-17 21:31:00,2026-06-18 10:35:00,AD-10,SEA_SHIFT,1,N,N,N,False
L102375,Meta,Singapore,Asia/Singapore,2026-06-18 01:19:00,2026-06-18 15:24:00,AD-01,US_SHIFT,1,N,N,N,False
L101477,Meta,Saudi Arabia,Asia/Riyadh,2026-06-18 11:46:00,2026-06-18 16:09:00,AD-09,IST_SHIFT,1,N,N,N,False
L104047,Meta,UAE,Asia/Dubai,2026-06-14 10:41:00,2026-06-18 17:09:00,AD-04,US_SHIFT,1,N,N,N,False
L102460,Organic,UK,Europe/London,2026-06-18 15:38:00,2026-06-18 20:07:00,AD-05,IST_SHIFT,1,N,N,N,False
L102101,DSA,USA,America/New_York,2026-06-18 11:38:00,2026-06-18 22:50:00,AD-08,IST_SHIFT,1,N,N,N,False
L101794,Google,Saudi Arabia,Asia/Riyadh,2026-06-16 00:42:00,2026-06-19 00:18:00,AD-04,US_SHIFT,1,N,N,N,False
L100391,Google,Vietnam,Asia/Ho_Chi_Minh,2026-06-09 02:44:00,2026-06-19 12:29:00,AD-02,US_SHIFT,1,N,N,N,False
L104384,DSA,USA,America/New_York,2026-06-15 00:42:00,2026-06-19 13:21:00,AD-01,US_SHIFT,1,N,N,N,False
L101523,Meta,UAE,Asia/Dubai,2026-06-16 14:37:00,2026-06-19 16:27:00,AD-02,US_SHIFT,1,N,N,N,False
L104002,Google,Saudi Arabia,Asia/Riyadh,2026-06-19 07:04:00,2026-06-19 17:31:00,AD-04,US_SHIFT,1,N,N,N,False
L104864,Google,India,Asia/Kolkata,2026-06-17 02:33:00,2026-06-19 23:27:00,AD-10,SEA_SHIFT,1,N,N,N,False
L101268,Google,USA,America/New_York,2026-06-19 10:20:00,2026-06-20 01:39:00,AD-11,SEA_SHIFT,1,N,N,N,False
L102028,Meta,Australia,Australia/Sydney,2026-06-17 03:51:00,2026-06-20 16:02:00,AD-04,US_SHIFT,1,N,N,N,False
L100355,Google,UK,Europe/London,2026-06-16 23:46:00,2026-06-20 22:06:00,AD-05,IST_SHIFT,1,N,N,N,False
L103183,DSA,Saudi Arabia,Asia/Riyadh,2026-06-19 19:09:00,2026-06-21 00:49:00,AD-02,US_SHIFT,1,N,N,N,False
L102326,Referral,USA,America/New_York,2026-06-20 15:52:00,2026-06-21 06:38:00,AD-09,IST_SHIFT,1,N,N,N,False
L103229,Google,UK,Europe/London,2026-06-18 02:05:00,2026-06-21 19:18:00,AD-07,IST_SHIFT,1,N,N,N,False
L103560,Meta,USA,America/New_York,2026-06-16 15:11:00,2026-06-22 05:39:00,AD-03,US_SHIFT,1,N,N,N,False
L104583,Meta,India,Asia/Kolkata,2026-06-21 15:39:00,2026-06-22 06:42:00,AD-04,US_SHIFT,1,N,N,N,False
L103929,Organic,USA,America/New_York,2026-06-18 01:11:00,2026-06-22 09:59:00,AD-06,IST_SHIFT,1,N,N,N,False
L102357,Meta,Vietnam,Asia/Ho_Chi_Minh,2026-06-18 02:10:00,2026-06-22 16:22:00,AD-03,US_SHIFT,1,N,N,N,False
L100448,Meta,Vietnam,Asia/Ho_Chi_Minh,2026-06-22 12:37:00,2026-06-22 20:59:00,AD-01,US_SHIFT,1,N,N,N,False
L103730,Meta,Vietnam,Asia/Ho_Chi_Minh,2026-06-22 19:21:00,2026-06-23 09:44:00,AD-10,SEA_SHIFT,1,N,N,N,False
L101751,Meta,USA,America/New_York,2026-06-20 09:30:00,2026-06-23 10:31:00,AD-03,US_SHIFT,1,N,N,N,False
L100301,Organic,USA,America/New_York,2026-06-19 23:16:00,2026-06-23 13:34:00,AD-02,US_SHIFT,1,N,N,N,False
L102929,Meta,USA,America/New_York,2026-06-20 10:33:00,2026-06-23 19:40:00,AD-03,US_SHIFT,1,N,N,N,False
L104234,Referral,Vietnam,Asia/Ho_Chi_Minh,2026-06-21 00:10:00,2026-06-23 19:45:00,AD-10,SEA_SHIFT,1,N,N,N,False
L100903,Meta,Australia,Australia/Sydney,2026-06-22 16:48:00,2026-06-24 02:47:00,AD-07,IST_SHIFT,1,N,N,N,False
L103763,Meta,USA,America/New_York,2026-06-24 09:18:00,2026-06-24 10:18:00,AD-07,IST_SHIFT,1,N,N,N,False
L101907,Google,Vietnam,Asia/Ho_Chi_Minh,2026-06-22 00:29:00,2026-06-24 13:11:00,AD-09,IST_SHIFT,1,N,N,N,False
L102312,Meta,Singapore,Asia/Singapore,2026-06-16 20:14:00,2026-06-24 21:23:00,AD-02,US_SHIFT,1,N,N,N,False
L101610,Meta,Vietnam,Asia/Ho_Chi_Minh,2026-06-17 18:16:00,2026-06-24 21:55:00,AD-10,SEA_SHIFT,1,N,N,N,False
L102109,Organic,Australia,Australia/Sydney,2026-06-20 14:41:00,2026-06-24 23:30:00,AD-08,IST_SHIFT,1,N,N,N,False
L101146,DSA,USA,America/New_York,2026-06-24 11:22:00,2026-06-25 05:10:00,AD-08,IST_SHIFT,1,N,N,N,False
L100498,Meta,Singapore,Asia/Singapore,2026-06-24 03:16:00,2026-06-25 06:02:00,AD-01,US_SHIFT,1,N,N,N,False
L102025,Meta,UK,Europe/London,2026-06-20 02:48:00,2026-06-25 09:54:00,AD-07,IST_SHIFT,1,N,N,N,False
L100703,Organic,USA,America/New_York,2026-06-25 02:15:00,2026-06-25 11:19:00,AD-02,US_SHIFT,1,N,N,N,False
L104643,Google,UAE,Asia/Dubai,2026-06-19 11:16:00,2026-06-25 15:39:00,AD-09,IST_SHIFT,1,N,N,N,False
L104053,Meta,Vietnam,Asia/Ho_Chi_Minh,2026-06-17 19:21:00,2026-06-25 19:16:00,AD-02,US_SHIFT,1,N,N,N,False
L100368,Google,India,Asia/Kolkata,2026-06-26 02:08:00,2026-06-26 13:04:00,AD-03,US_SHIFT,1,N,N,N,False
L101580,Meta,Australia,Australia/Sydney,2026-06-17 22:40:00,2026-06-26 16:01:00,AD-08,IST_SHIFT,1,N,N,N,False
L100288,Meta,Australia,Australia/Sydney,2026-06-26 15:38:00,2026-06-27 03:34:00,AD-05,IST_SHIFT,1,N,N,N,False
L101532,Google,India,Asia/Kolkata,2026-06-24 17:11:00,2026-06-27 13:24:00,AD-05,IST_SHIFT,1,N,N,N,False
L100562,Meta,UK,Europe/London,2026-06-27 05:11:00,2026-06-27 13:30:00,AD-03,US_SHIFT,1,N,N,N,False
L102046,Meta,USA,America/New_York,2026-06-21 06:51:00,2026-06-27 13:59:00,AD-07,IST_SHIFT,1,N,N,N,False
L100997,Organic,USA,America/New_York,2026-06-22 17:39:00,2026-06-27 17:19:00,AD-10,SEA_SHIFT,1,N,N,N,False
L102774,Affiliate,USA,America/New_York,2026-06-20 23:37:00,2026-06-27 17:32:00,AD-11,SEA_SHIFT,1,N,N,N,False
L100567,Affiliate,UK,Europe/London,2026-06-27 16:54:00,2026-06-27 18:45:00,AD-11,SEA_SHIFT,1,N,N,N,False
L104650,Organic,USA,America/New_York,2026-06-23 06:17:00,2026-06-27 19:13:00,AD-05,IST_SHIFT,1,N,N,N,False
L103463,DSA,India,Asia/Kolkata,2026-06-24 06:19:00,2026-06-28 03:47:00,AD-01,US_SHIFT,1,N,N,N,False
L101617,Google,USA,America/New_York,2026-06-27 23:22:00,2026-06-28 12:08:00,AD-11,SEA_SHIFT,1,N,N,N,False
L100838,Meta,Saudi Arabia,Asia/Riyadh,2026-06-23 03:36:00,2026-06-28 12:12:00,AD-03,US_SHIFT,1,N,N,N,False
L103103,DSA,UAE,Asia/Dubai,2026-06-23 07:25:00,2026-06-28 18:43:00,AD-03,US_SHIFT,1,N,N,N,False
L100358,Google,UK,Europe/London,2026-06-24 20:08:00,2026-06-29 04:04:00,AD-09,IST_SHIFT,1,N,N,N,False
L100591,Meta,USA,America/New_York,2026-06-25 23:18:00,2026-06-29 10:35:00,AD-10,SEA_SHIFT,1,N,N,N,False
L103144,Google,Vietnam,Asia/Ho_Chi_Minh,2026-06-29 11:05:00,2026-06-29 17:20:00,AD-03,US_SHIFT,1,N,N,N,False
L104252,Meta,Vietnam,Asia/Ho_Chi_Minh,2026-06-29 00:57:00,2026-06-30 02:40:00,AD-10,SEA_SHIFT,1,N,N,N,False
L103355,Google,India,Asia/Kolkata,2026-06-28 04:25:00,2026-06-30 03:30:00,AD-03,US_SHIFT,1,N,N,N,False
L102265,Google,USA,America/New_York,2026-06-26 15:12:00,2026-06-30 10:05:00,AD-08,IST_SHIFT,1,N,N,N,False
L100734,Organic,Vietnam,Asia/Ho_Chi_Minh,2026-06-30 01:12:00,2026-06-30 11:09:00,AD-03,US_SHIFT,1,N,N,N,False
L102486,Meta,USA,America/New_York,2026-06-28 01:18:00,2026-06-30 15:37:00,AD-07,IST_SHIFT,1,N,N,N,False
L102102,DSA,Vietnam,Asia/Ho_Chi_Minh,2026-06-30 06:10:00,2026-06-30 20:10:00,AD-01,US_SHIFT,1,N,N,N,False
L100446,Google,India,Asia/Kolkata,2026-06-25 16:17:00,2026-06-30 22:02:00,AD-03,US_SHIFT,1,N,N,N,False
L103786,Affiliate,USA,America/New_York,2026-06-30 19:18:00,2026-06-30 22:58:00,AD-12,US_SHIFT,1,N,N,N,False
L100194,Google,USA,America/New_York,2026-06-29 06:06:00,2026-07-01 20:50:00,AD-02,US_SHIFT,1,N,N,N,False
L103345,Referral,India,Asia/Kolkata,2026-06-30 14:42:00,2026-07-01 23:25:00,AD-10,SEA_SHIFT,1,N,N,N,False
L101118,Google,UK,Europe/London,2026-06-22 18:44:00,2026-07-02 02:33:00,AD-03,US_SHIFT,1,N,N,N,False
L102826,Meta,UAE,Asia/Dubai,2026-07-01 00:28:00,2026-07-02 05:19:00,AD-04,US_SHIFT,1,N,N,N,False
L100419,Meta,USA,America/New_York,2026-06-25 21:07:00,2026-07-02 08:41:00,AD-05,IST_SHIFT,1,N,N,N,False
L103028,Organic,Vietnam,Asia/Ho_Chi_Minh,2026-07-01 23:04:00,2026-07-02 10:26:00,AD-03,US_SHIFT,1,N,N,N,False
L103974,Google,Saudi Arabia,Asia/Riyadh,2026-07-02 07:23:00,2026-07-02 13:49:00,AD-03,US_SHIFT,1,N,N,N,False
L104716,Meta,Vietnam,Asia/Ho_Chi_Minh,2026-07-02 05:23:00,2026-07-02 14:07:00,AD-10,SEA_SHIFT,1,N,N,N,False
L100090,Referral,Singapore,Asia/Singapore,2026-06-30 10:50:00,2026-07-02 17:34:00,AD-07,IST_SHIFT,1,N,N,N,False
L102513,Affiliate,UK,Europe/London,2026-06-29 11:04:00,2026-07-02 20:46:00,AD-07,IST_SHIFT,1,N,N,N,False
L103645,Affiliate,UK,Europe/London,2026-06-30 00:02:00,2026-07-03 05:04:00,AD-03,US_SHIFT,1,N,N,N,False
L104588,Meta,USA,America/New_York,2026-07-03 04:11:00,2026-07-03 08:36:00,AD-03,US_SHIFT,1,N,N,N,False
L103693,Meta,USA,America/New_York,2026-06-30 04:08:00,2026-07-03 09:37:00,AD-02,US_SHIFT,1,N,N,N,False
L102254,Affiliate,USA,America/New_York,2026-06-29 17:53:00,2026-07-03 09:58:00,AD-08,IST_SHIFT,1,N,N,N,False
L103864,Meta,India,Asia/Kolkata,2026-06-30 05:52:00,2026-07-04 02:37:00,AD-07,IST_SHIFT,1,N,N,N,False
L101410,Meta,UK,Europe/London,2026-07-03 19:02:00,2026-07-04 03:37:00,AD-04,US_SHIFT,1,N,N,N,False
L102536,Google,USA,America/New_York,2026-07-02 14:33:00,2026-07-04 05:08:00,AD-04,US_SHIFT,1,N,N,N,False
L104724,Affiliate,Vietnam,Asia/Ho_Chi_Minh,2026-06-28 14:51:00,2026-07-04 07:32:00,AD-04,US_SHIFT,1,N,N,N,False
L102596,Meta,USA,America/New_York,2026-07-03 10:37:00,2026-07-04 07:46:00,AD-10,SEA_SHIFT,1,N,N,N,False
L103933,Meta,UAE,Asia/Dubai,2026-07-03 04:43:00,2026-07-04 08:08:00,AD-03,US_SHIFT,1,N,N,N,False
L102918,Meta,India,Asia/Kolkata,2026-07-03 17:04:00,2026-07-04 11:14:00,AD-07,IST_SHIFT,1,N,N,N,False
L101998,Google,UAE,Asia/Dubai,2026-06-27 04:29:00,2026-07-04 13:37:00,AD-07,IST_SHIFT,1,N,N,N,False
L101234,Google,UK,Europe/London,2026-07-03 13:52:00,2026-07-04 15:05:00,AD-10,SEA_SHIFT,1,N,N,N,False
L100035,Google,India,Asia/Kolkata,2026-06-30 02:36:00,2026-07-05 04:08:00,AD-05,IST_SHIFT,1,N,N,N,False
L100783,Google,Vietnam,Asia/Ho_Chi_Minh,2026-07-05 13:47:00,2026-07-05 20:01:00,AD-07,IST_SHIFT,1,N,N,N,False
L100896,Meta,Vietnam,Asia/Ho_Chi_Minh,2026-07-05 09:24:00,2026-07-06 02:35:00,AD-06,IST_SHIFT,1,N,N,N,False
L102678,Meta,India,Asia/Kolkata,2026-07-05 14:39:00,2026-07-06 06:39:00,AD-02,US_SHIFT,1,N,N,N,False
L100901,Meta,Saudi Arabia,Asia/Riyadh,2026-07-06 04:27:00,2026-07-06 16:26:00,AD-10,SEA_SHIFT,1,N,N,N,False
L102488,Google,USA,America/New_York,2026-06-26 17:25:00,2026-07-06 16:27:00,AD-06,IST_SHIFT,1,N,N,N,False
L102828,Meta,Singapore,Asia/Singapore,2026-07-02 13:13:00,2026-07-06 18:33:00,AD-05,IST_SHIFT,1,N,N,N,False
L102537,Meta,UK,Europe/London,2026-07-01 22:06:00,2026-07-06 20:57:00,AD-07,IST_SHIFT,1,N,N,N,False
L102154,Meta,USA,America/New_York,2026-06-30 18:19:00,2026-07-07 10:00:00,AD-11,SEA_SHIFT,1,N,N,N,False
L102907,Google,USA,America/New_York,2026-06-30 19:09:00,2026-07-07 14:15:00,AD-08,IST_SHIFT,1,N,N,N,False
L100409,Meta,Saudi Arabia,Asia/Riyadh,2026-07-02 13:51:00,2026-07-07 15:42:00,AD-02,US_SHIFT,1,N,N,N,False
L103441,Meta,USA,America/New_York,2026-07-07 12:30:00,2026-07-07 18:54:00,AD-05,IST_SHIFT,1,N,N,N,False
L103146,Meta,Vietnam,Asia/Ho_Chi_Minh,2026-07-07 17:57:00,2026-07-08 02:33:00,AD-02,US_SHIFT,1,N,N,N,False
L102395,Google,Vietnam,Asia/Ho_Chi_Minh,2026-07-06 00:13:00,2026-07-08 19:11:00,AD-07,IST_SHIFT,1,N,N,N,False
L102969,Meta,USA,America/New_York,2026-07-03 00:44:00,2026-07-09 00:53:00,AD-11,SEA_SHIFT,1,N,N,N,False
L100794,Meta,USA,America/New_York,2026-07-06 05:48:00,2026-07-09 03:49:00,AD-07,IST_SHIFT,1,N,N,N,False
L101219,Meta,USA,America/New_York,2026-07-06 06:46:00,2026-07-09 15:50:00,AD-08,IST_SHIFT,1,N,N,N,False
L101586,Google,Australia,Australia/Sydney,2026-07-05 08:19:00,2026-07-09 17:23:00,AD-08,IST_SHIFT,1,N,N,N,False
L103522,Meta,Singapore,Asia/Singapore,2026-07-07 19:13:00,2026-07-09 19:40:00,AD-09,IST_SHIFT,1,N,N,N,False
L102360,Organic,USA,America/New_York,2026-07-10 03:32:00,2026-07-10 16:04:00,AD-11,SEA_SHIFT,1,N,N,N,False
L104890,Affiliate,USA,America/New_York,2026-07-10 20:22:00,2026-07-11 00:03:00,AD-06,IST_SHIFT,1,N,N,N,False
L102706,Meta,UAE,Asia/Dubai,2026-07-06 23:04:00,2026-07-11 02:58:00,AD-04,US_SHIFT,1,N,N,N,False
L101900,Organic,USA,America/New_York,2026-07-11 01:01:00,2026-07-11 03:15:00,AD-01,US_SHIFT,1,N,N,N,False
L100894,Referral,India,Asia/Kolkata,2026-07-11 02:38:00,2026-07-11 17:59:00,AD-07,IST_SHIFT,1,N,N,N,False
L103623,Meta,Vietnam,Asia/Ho_Chi_Minh,2026-07-07 03:09:00,2026-07-11 18:02:00,AD-07,IST_SHIFT,1,N,N,N,False
L103313,Affiliate,USA,America/New_York,2026-07-10 12:26:00,2026-07-11 19:54:00,AD-07,IST_SHIFT,1,N,N,N,False
L104562,Organic,Vietnam,Asia/Ho_Chi_Minh,2026-07-11 15:49:00,2026-07-11 22:56:00,AD-12,US_SHIFT,1,N,N,N,False
L102989,Google,USA,America/New_York,2026-07-07 10:29:00,2026-07-12 04:34:00,AD-02,US_SHIFT,1,N,N,N,False
L100266,Meta,USA,America/New_York,2026-07-11 08:27:00,2026-07-12 04:53:00,AD-05,IST_SHIFT,1,N,N,N,False
L102602,DSA,Vietnam,Asia/Ho_Chi_Minh,2026-07-06 06:58:00,2026-07-12 07:14:00,AD-08,IST_SHIFT,1,N,N,N,False
L102788,DSA,Vietnam,Asia/Ho_Chi_Minh,2026-07-03 19:48:00,2026-07-12 08:36:00,AD-09,IST_SHIFT,1,N,N,N,False
L102257,Google,UAE,Asia/Dubai,2026-07-10 05:05:00,2026-07-12 09:23:00,AD-03,US_SHIFT,1,N,N,N,False
L103718,DSA,USA,America/New_York,2026-07-04 20:13:00,2026-07-12 13:41:00,AD-01,US_SHIFT,1,N,N,N,False
L102435,Meta,Saudi Arabia,Asia/Riyadh,2026-07-09 20:09:00,2026-07-12 15:37:00,AD-06,IST_SHIFT,1,N,N,N,False
L104064,Meta,Vietnam,Asia/Ho_Chi_Minh,2026-07-06 13:28:00,2026-07-12 21:05:00,AD-07,IST_SHIFT,1,N,N,N,False
L103312,Google,USA,America/New_York,2026-07-12 07:57:00,2026-07-13 05:19:00,AD-01,US_SHIFT,1,N,N,N,False
L102431,Meta,Vietnam,Asia/Ho_Chi_Minh,2026-07-13 00:36:00,2026-07-13 10:27:00,AD-07,IST_SHIFT,1,N,N,N,False
L103724,Google,Australia,Australia/Sydney,2026-07-08 10:02:00,2026-07-13 14:09:00,AD-05,IST_SHIFT,1,N,N,N,False
L102143,Affiliate,Saudi Arabia,Asia/Riyadh,2026-07-13 00:30:00,2026-07-13 17:31:00,AD-03,US_SHIFT,1,N,N,N,False
L101800,Google,Saudi Arabia,Asia/Riyadh,2026-07-09 07:01:00,2026-07-14 07:52:00,AD-01,US_SHIFT,1,N,N,N,False
L102964,Affiliate,USA,America/New_York,2026-07-14 02:16:00,2026-07-14 07:53:00,AD-11,SEA_SHIFT,1,N,N,N,False
L104991,Google,India,Asia/Kolkata,2026-07-09 09:58:00,2026-07-14 13:22:00,AD-08,IST_SHIFT,1,N,N,N,False
L103669,Affiliate,USA,America/New_York,2026-07-10 19:25:00,2026-07-14 17:32:00,AD-02,US_SHIFT,1,N,N,N,False
L102333,DSA,Vietnam,Asia/Ho_Chi_Minh,2026-07-14 09:20:00,2026-07-15 02:35:00,AD-06,IST_SHIFT,1,N,N,N,False
L100494,DSA,Vietnam,Asia/Ho_Chi_Minh,2026-07-14 23:18:00,2026-07-15 05:54:00,AD-02,US_SHIFT,1,N,N,N,False
L102928,Google,Australia,Australia/Sydney,2026-07-11 05:38:00,2026-07-15 08:26:00,AD-04,US_SHIFT,1,N,N,N,False
L101117,Meta,Australia,Australia/Sydney,2026-07-09 17:05:00,2026-07-15 11:06:00,AD-09,IST_SHIFT,1,N,N,N,False
L101030,Affiliate,Australia,Australia/Sydney,2026-07-11 07:14:00,2026-07-15 11:53:00,AD-06,IST_SHIFT,1,N,N,N,False
L102659,Meta,UK,Europe/London,2026-07-09 10:55:00,2026-07-16 04:17:00,AD-12,US_SHIFT,1,N,N,N,False
L103282,Meta,USA,America/New_York,2026-07-14 00:51:00,2026-07-16 11:48:00,AD-07,IST_SHIFT,1,N,N,N,False
L103586,Affiliate,USA,America/New_York,2026-07-13 22:16:00,2026-07-17 01:28:00,AD-07,IST_SHIFT,1,N,N,N,False
L104146,Organic,Australia,Australia/Sydney,2026-07-16 13:11:00,2026-07-17 16:43:00,AD-12,US_SHIFT,1,N,N,N,False
L104030,Meta,USA,America/New_York,2026-07-12 02:43:00,2026-07-17 21:58:00,AD-05,IST_SHIFT,1,N,N,N,False
L101293,Affiliate,Vietnam,Asia/Ho_Chi_Minh,2026-07-16 21:52:00,2026-07-18 14:18:00,AD-11,SEA_SHIFT,1,N,N,N,False
L103689,Meta,Singapore,Asia/Singapore,2026-07-12 07:33:00,2026-07-18 23:32:00,AD-03,US_SHIFT,1,N,N,N,False
L100255,Organic,India,Asia/Kolkata,2026-07-18 14:06:00,2026-07-19 10:31:00,AD-03,US_SHIFT,1,N,N,N,False
L101718,Meta,Vietnam,Asia/Ho_Chi_Minh,2026-07-16 12:21:00,2026-07-19 12:34:00,AD-04,US_SHIFT,1,N,N,N,False
L103750,Google,Vietnam,Asia/Ho_Chi_Minh,2026-07-13 15:34:00,2026-07-20 01:31:00,AD-05,IST_SHIFT,1,N,N,N,False
L103941,Organic,Vietnam,Asia/Ho_Chi_Minh,2026-07-19 23:52:00,2026-07-20 01:31:00,AD-08,IST_SHIFT,1,N,N,N,False
L102165,Meta,Vietnam,Asia/Ho_Chi_Minh,2026-07-19 19:32:00,2026-07-20 07:55:00,AD-03,US_SHIFT,1,N,N,N,False
L103161,Google,Saudi Arabia,Asia/Riyadh,2026-07-19 19:41:00,2026-07-20 09:08:00,AD-06,IST_SHIFT,1,N,N,N,False
L104545,Meta,Vietnam,Asia/Ho_Chi_Minh,2026-07-14 19:17:00,2026-07-20 10:11:00,AD-07,IST_SHIFT,1,N,N,N,False
L100590,Meta,Vietnam,Asia/Ho_Chi_Minh,2026-07-19 19:05:00,2026-07-20 15:12:00,AD-11,SEA_SHIFT,1,N,N,N,False
L103125,Meta,Singapore,Asia/Singapore,2026-07-18 13:25:00,2026-07-20 15:28:00,AD-11,SEA_SHIFT,1,N,N,N,False
L103389,Referral,USA,America/New_York,2026-07-19 23:09:00,2026-07-20 15:46:00,AD-02,US_SHIFT,1,N,N,N,False
L100777,Google,USA,America/New_York,2026-07-19 12:28:00,2026-07-20 20:57:00,AD-09,IST_SHIFT,1,N,N,N,False
L100603,DSA,India,Asia/Kolkata,2026-07-20 13:09:00,2026-07-21 03:31:00,AD-02,US_SHIFT,1,N,N,N,False
L104376,Organic,UAE,Asia/Dubai,2026-07-16 08:34:00,2026-07-21 21:59:00,AD-07,IST_SHIFT,1,N,N,N,False
L100390,Referral,UAE,Asia/Dubai,2026-07-21 07:29:00,2026-07-22 02:50:00,AD-05,IST_SHIFT,1,N,N,N,False
L104303,Meta,Vietnam,Asia/Ho_Chi_Minh,2026-07-21 13:30:00,2026-07-22 03:40:00,AD-12,US_SHIFT,1,N,N,N,False
L102083,Google,UAE,Asia/Dubai,2026-07-21 22:55:00,2026-07-22 14:36:00,AD-05,IST_SHIFT,1,N,N,N,False
L102803,Affiliate,Vietnam,Asia/Ho_Chi_Minh,2026-07-18 20:25:00,2026-07-22 15:59:00,AD-05,IST_SHIFT,1,N,N,N,False
L100674,Meta,USA,America/New_York,2026-07-20 06:22:00,2026-07-22 17:13:00,AD-09,IST_SHIFT,1,N,N,N,False
L103265,Affiliate,Saudi Arabia,Asia/Riyadh,2026-07-21 14:33:00,2026-07-22 19:03:00,AD-04,US_SHIFT,1,N,N,N,False
L104015,Google,USA,America/New_York,2026-07-18 12:40:00,2026-07-22 19:21:00,AD-09,IST_SHIFT,1,N,N,N,False
L104048,Google,Vietnam,Asia/Ho_Chi_Minh,2026-07-17 01:17:00,2026-07-23 10:41:00,AD-12,US_SHIFT,1,N,N,N,False
L103013,Meta,UK,Europe/London,2026-07-23 05:44:00,2026-07-23 15:11:00,AD-10,SEA_SHIFT,1,N,N,N,False
L100152,Google,India,Asia/Kolkata,2026-07-23 13:20:00,2026-07-23 18:10:00,AD-04,US_SHIFT,1,N,N,N,False
L100049,Referral,Vietnam,Asia/Ho_Chi_Minh,2026-07-23 14:55:00,2026-07-24 04:54:00,AD-03,US_SHIFT,1,N,N,N,False
L102944,Google,Singapore,Asia/Singapore,2026-07-23 08:33:00,2026-07-24 06:50:00,AD-07,IST_SHIFT,1,N,N,N,False
L102601,Organic,Vietnam,Asia/Ho_Chi_Minh,2026-07-19 14:36:00,2026-07-24 10:08:00,AD-06,IST_SHIFT,1,N,N,N,False
L100970,Meta,USA,America/New_York,2026-07-21 19:51:00,2026-07-24 12:47:00,AD-06,IST_SHIFT,1,N,N,N,False
L103927,Meta,UAE,Asia/Dubai,2026-07-24 07:59:00,2026-07-24 15:56:00,AD-01,US_SHIFT,1,N,N,N,False
L103878,Google,UK,Europe/London,2026-07-23 13:49:00,2026-07-24 16:39:00,AD-08,IST_SHIFT,1,N,N,N,False
L100710,Google,USA,America/New_York,2026-07-20 08:06:00,2026-07-24 17:17:00,AD-07,IST_SHIFT,1,N,N,N,False
L102946,Meta,USA,America/New_York,2026-07-24 20:08:00,2026-07-25 07:21:00,AD-07,IST_SHIFT,1,N,N,N,False
L104982,Meta,Saudi Arabia,Asia/Riyadh,2026-07-21 11:45:00,2026-07-25 08:17:00,AD-01,US_SHIFT,1,N,N,N,False
L100606,Meta,Vietnam,Asia/Ho_Chi_Minh,2026-07-19 10:21:00,2026-07-25 12:08:00,AD-01,US_SHIFT,1,N,N,N,False
L101589,Google,UK,Europe/London,2026-07-23 21:02:00,2026-07-25 14:11:00,AD-07,IST_SHIFT,1,N,N,N,False
L102309,Organic,UAE,Asia/Dubai,2026-07-24 20:49:00,2026-07-25 19:31:00,AD-08,IST_SHIFT,1,N,N,N,False
L100158,Google,Saudi Arabia,Asia/Riyadh,2026-07-25 18:32:00,2026-07-25 23:25:00,AD-03,US_SHIFT,1,N,N,N,False
L103474,Google,Australia,Australia/Sydney,2026-07-25 02:37:00,2026-07-26 00:29:00,AD-02,US_SHIFT,1,N,N,N,False
L102862,Organic,Vietnam,Asia/Ho_Chi_Minh,2026-07-25 17:38:00,2026-07-26 21:06:00,AD-12,US_SHIFT,1,N,N,N,False
L100404,Affiliate,USA,America/New_York,2026-07-26 12:06:00,2026-07-26 22:37:00,AD-11,SEA_SHIFT,1,N,N,N,False
L101558,Meta,Saudi Arabia,Asia/Riyadh,2026-07-26 19:51:00,2026-07-27 14:42:00,AD-06,IST_SHIFT,1,N,N,N,False
L102331,Google,USA,America/New_York,2026-07-24 02:18:00,2026-07-27 16:39:00,AD-10,SEA_SHIFT,1,N,N,N,False
L101838,Referral,USA,America/New_York,2026-07-22 22:35:00,2026-07-27 19:54:00,AD-01,US_SHIFT,1,N,N,N,False
L103712,Google,USA,America/New_York,2026-07-22 04:04:00,2026-07-28 02:48:00,AD-11,SEA_SHIFT,1,N,N,N,False
L100951,Referral,Vietnam,Asia/Ho_Chi_Minh,2026-07-27 23:43:00,2026-07-28 06:19:00,AD-01,US_SHIFT,1,N,N,N,False
L103350,Meta,UK,Europe/London,2026-07-26 21:35:00,2026-07-28 13:34:00,AD-02,US_SHIFT,1,N,N,N,False
L100695,Meta,India,Asia/Kolkata,2026-07-27 13:04:00,2026-07-28 18:23:00,AD-11,SEA_SHIFT,1,N,N,N,False
L100261,Referral,Vietnam,Asia/Ho_Chi_Minh,2026-07-23 17:33:00,2026-07-28 19:50:00,AD-01,US_SHIFT,1,N,N,N,False
L101473,Organic,Saudi Arabia,Asia/Riyadh,2026-07-23 01:07:00,2026-07-29 07:05:00,AD-10,SEA_SHIFT,1,N,N,N,False
L102112,Google,USA,America/New_York,2026-07-28 13:01:00,2026-07-29 14:41:00,AD-10,SEA_SHIFT,1,N,N,N,False
L100865,DSA,Australia,Australia/Sydney,2026-07-28 22:10:00,2026-07-29 14:48:00,AD-07,IST_SHIFT,1,N,N,N,False
L103685,DSA,USA,America/New_York,2026-07-29 10:53:00,2026-07-29 17:14:00,AD-11,SEA_SHIFT,1,N,N,N,False
L104996,DSA,UAE,Asia/Dubai,2026-07-28 22:29:00,2026-07-29 22:50:00,AD-02,US_SHIFT,1,N,N,N,False
L101481,Referral,Australia,Australia/Sydney,2026-07-29 16:33:00,2026-07-30 00:02:00,AD-01,US_SHIFT,1,N,N,N,False
L101770,Google,Vietnam,Asia/Ho_Chi_Minh,2026-07-27 05:20:00,2026-07-30 10:59:00,AD-09,IST_SHIFT,1,N,N,N,False
L101082,Google,Saudi Arabia,Asia/Riyadh,2026-07-27 21:03:00,2026-07-30 11:59:00,AD-11,SEA_SHIFT,1,N,N,N,False
L103457,Google,UK,Europe/London,2026-07-29 04:17:00,2026-07-30 17:38:00,AD-06,IST_SHIFT,1,N,N,N,False
L102902,Google,UAE,Asia/Dubai,2026-07-25 15:14:00,2026-07-30 23:28:00,AD-08,IST_SHIFT,1,N,N,N,False
L103942,Google,Australia,Australia/Sydney,2026-07-30 23:29:00,2026-07-31 06:13:00,AD-02,US_SHIFT,1,N,N,N,False
L103342,Organic,India,Asia/Kolkata,2026-07-27 13:07:00,2026-07-31 08:25:00,AD-09,IST_SHIFT,1,N,N,N,False
L104639,Google,Vietnam,Asia/Ho_Chi_Minh,2026-07-27 10:33:00,2026-07-31 18:32:00,AD-05,IST_SHIFT,1,N,N,N,False
L103545,Meta,USA,America/New_York,2026-07-30 02:45:00,2026-07-31 21:47:00,AD-03,US_SHIFT,1,N,N,N,False
L101544,Organic,USA,America/New_York,2026-07-31 10:07:00,2026-07-31 21:54:00,AD-08,IST_SHIFT,1,N,N,N,False
L101480,Organic,USA,America/New_York,2026-07-29 22:42:00,2026-08-01 20:15:00,AD-10,SEA_SHIFT,1,N,N,N,False
L101953,Meta,Vietnam,Asia/Ho_Chi_Minh,2026-07-29 13:16:00,2026-08-01 21:31:00,AD-02,US_SHIFT,1,N,N,N,False
L102981,Google,Vietnam,Asia/Ho_Chi_Minh,2026-07-29 16:28:00,2026-08-01 21:48:00,AD-02,US_SHIFT,1,N,N,N,False
L102100,Google,UK,Europe/London,2026-07-31 04:51:00,2026-08-02 00:54:00,AD-02,US_SHIFT,1,N,N,N,False
L103468,Meta,USA,America/New_York,2026-07-31 06:26:00,2026-08-02 02:45:00,AD-07,IST_SHIFT,1,N,N,N,False
L101901,Google,Saudi Arabia,Asia/Riyadh,2026-07-29 14:52:00,2026-08-02 18:50:00,AD-04,US_SHIFT,1,N,N,N,False
L102378,Meta,Vietnam,Asia/Ho_Chi_Minh,2026-07-31 14:29:00,2026-08-03 15:57:00,AD-12,US_SHIFT,1,N,N,N,False
L104141,Google,USA,America/New_York,2026-07-31 16:32:00,2026-08-03 22:04:00,AD-03,US_SHIFT,1,N,N,N,False
L102707,Meta,USA,America/New_York,2026-07-30 16:45:00,2026-08-04 01:58:00,AD-09,IST_SHIFT,1,N,N,N,False
L104280,Meta,USA,America/New_York,2026-07-28 22:35:00,2026-08-04 17:20:00,AD-04,US_SHIFT,1,N,N,N,False
L104876,Google,USA,America/New_York,2026-07-30 16:24:00,2026-08-04 19:20:00,AD-02,US_SHIFT,1,N,N,N,False
L104212,Referral,UAE,Asia/Dubai,2026-07-31 10:18:00,2026-08-05 17:53:00,AD-01,US_SHIFT,1,N,N,N,False
L103785,Organic,UAE,Asia/Dubai,2026-07-30 19:51:00,2026-08-05 18:31:00,AD-03,US_SHIFT,1,N,N,N,False
L104589,Meta,USA,America/New_York,2026-07-31 09:56:00,2026-08-08 00:27:00,AD-02,US_SHIFT,1,N,N,N,False
L101963,Organic,USA,America/New_York,2026-06-01 20:21:00,2026-06-02 15:14:00,AD-05,IST_SHIFT,2,N,N,N,False
L104410,Referral,India,Asia/Kolkata,2026-06-03 12:10:00,2026-06-03 14:53:00,AD-01,US_SHIFT,2,N,N,N,False
L103356,Meta,Vietnam,Asia/Ho_Chi_Minh,2026-06-03 03:55:00,2026-06-03 17:09:00,AD-03,US_SHIFT,2,N,N,N,False
L104051,Meta,India,Asia/Kolkata,2026-06-02 21:13:00,2026-06-05 03:56:00,AD-06,IST_SHIFT,2,N,N,N,False
L100220,Google,UAE,Asia/Dubai,2026-06-04 16:33:00,2026-06-05 12:07:00,AD-09,IST_SHIFT,2,N,N,N,False
L101165,Meta,USA,America/New_York,2026-06-06 03:32:00,2026-06-06 04:32:00,AD-07,IST_SHIFT,2,N,N,N,False
L104176,Google,UAE,Asia/Dubai,2026-06-05 11:26:00,2026-06-06 05:16:00,AD-05,IST_SHIFT,2,N,N,N,False
L101242,DSA,UK,Europe/London,2026-06-04 09:27:00,2026-06-06 11:47:00,AD-12,US_SHIFT,2,N,N,N,False
L104421,Affiliate,Singapore,Asia/Singapore,2026-06-04 17:04:00,2026-06-06 12:55:00,AD-12,US_SHIFT,2,N,N,N,False
L100524,Google,UAE,Asia/Dubai,2026-06-05 19:54:00,2026-06-06 17:58:00,AD-01,US_SHIFT,2,N,N,N,False
L102256,Organic,UK,Europe/London,2026-06-04 20:47:00,2026-06-06 18:07:00,AD-12,US_SHIFT,2,N,N,N,False
L104907,Affiliate,India,Asia/Kolkata,2026-06-05 08:50:00,2026-06-06 18:12:00,AD-12,US_SHIFT,2,N,N,N,False
L103266,Meta,USA,America/New_York,2026-06-06 13:34:00,2026-06-07 01:55:00,AD-06,IST_SHIFT,2,N,N,N,False
L101265,DSA,Saudi Arabia,Asia/Riyadh,2026-06-07 01:02:00,2026-06-07 03:26:00,AD-02,US_SHIFT,2,N,N,N,False
L104298,DSA,UK,Europe/London,2026-06-06 13:40:00,2026-06-07 06:20:00,AD-11,SEA_SHIFT,2,N,N,N,False
L104251,Referral,India,Asia/Kolkata,2026-06-02 00:51:00,2026-06-07 09:28:00,AD-05,IST_SHIFT,2,N,N,N,False
L100782,Meta,USA,America/New_York,2026-06-04 11:15:00,2026-06-07 13:03:00,AD-08,IST_SHIFT,2,N,N,N,False
L101895,Meta,UK,Europe/London,2026-06-03 08:17:00,2026-06-07 13:29:00,AD-12,US_SHIFT,2,N,N,N,False
L102564,Affiliate,USA,America/New_York,2026-06-07 10:07:00,2026-06-07 17:19:00,AD-09,IST_SHIFT,2,N,N,N,False
L102634,Google,India,Asia/Kolkata,2026-06-02 07:38:00,2026-06-08 01:40:00,AD-01,US_SHIFT,2,N,N,N,False
L100929,Referral,USA,America/New_York,2026-06-02 01:15:00,2026-06-08 08:07:00,AD-03,US_SHIFT,2,N,N,N,False
L100383,Meta,USA,America/New_York,2026-06-08 12:49:00,2026-06-08 15:28:00,AD-10,SEA_SHIFT,2,N,N,N,False
L101552,Google,India,Asia/Kolkata,2026-06-04 23:12:00,2026-06-08 16:00:00,AD-02,US_SHIFT,2,N,N,N,False
L101980,Meta,UAE,Asia/Dubai,2026-06-04 23:56:00,2026-06-08 21:31:00,AD-02,US_SHIFT,2,N,N,N,False
L101884,Meta,USA,America/New_York,2026-06-04 21:33:00,2026-06-09 06:05:00,AD-04,US_SHIFT,2,N,N,N,False
L100824,Meta,Australia,Australia/Sydney,2026-06-05 05:50:00,2026-06-09 19:45:00,AD-03,US_SHIFT,2,N,N,N,False
L101945,Google,Vietnam,Asia/Ho_Chi_Minh,2026-06-09 19:16:00,2026-06-10 03:01:00,AD-12,US_SHIFT,2,N,N,N,False
L102963,Google,UAE,Asia/Dubai,2026-06-05 07:24:00,2026-06-11 09:56:00,AD-12,US_SHIFT,2,N,N,N,False
L103963,Affiliate,USA,America/New_York,2026-06-08 12:13:00,2026-06-11 11:30:00,AD-02,US_SHIFT,2,N,N,N,False
L102000,Google,UK,Europe/London,2026-06-10 20:08:00,2026-06-11 13:46:00,AD-08,IST_SHIFT,2,N,N,N,False
L101452,Google,USA,America/New_York,2026-06-11 00:08:00,2026-06-11 18:14:00,AD-11,SEA_SHIFT,2,N,N,N,False
L100209,Google,USA,America/New_York,2026-06-11 12:22:00,2026-06-11 19:45:00,AD-10,SEA_SHIFT,2,N,N,N,False
L100219,Meta,USA,America/New_York,2026-06-08 03:27:00,2026-06-11 19:49:00,AD-12,US_SHIFT,2,N,N,N,False
L100685,Meta,USA,America/New_York,2026-06-12 01:38:00,2026-06-12 21:47:00,AD-09,IST_SHIFT,2,N,N,N,False
L104435,Meta,India,Asia/Kolkata,2026-06-06 05:46:00,2026-06-12 23:36:00,AD-05,IST_SHIFT,2,N,N,N,False
L104942,Affiliate,UK,Europe/London,2026-06-12 23:44:00,2026-06-13 03:21:00,AD-02,US_SHIFT,2,N,N,N,False
L100610,Meta,Singapore,Asia/Singapore,2026-06-07 11:11:00,2026-06-13 07:24:00,AD-09,IST_SHIFT,2,N,N,N,False
L104742,Meta,Vietnam,Asia/Ho_Chi_Minh,2026-06-12 12:10:00,2026-06-13 14:59:00,AD-09,IST_SHIFT,2,N,N,N,False
L104417,Affiliate,UAE,Asia/Dubai,2026-06-12 17:38:00,2026-06-13 16:46:00,AD-02,US_SHIFT,2,N,N,N,False
L103519,Google,USA,America/New_York,2026-06-09 08:54:00,2026-06-13 17:55:00,AD-02,US_SHIFT,2,N,N,N,False
L104891,Meta,USA,America/New_York,2026-06-10 08:27:00,2026-06-14 00:42:00,AD-07,IST_SHIFT,2,N,N,N,False
L101753,Meta,USA,America/New_York,2026-06-14 00:03:00,2026-06-14 07:20:00,AD-05,IST_SHIFT,2,N,N,N,False
L102043,Organic,Vietnam,Asia/Ho_Chi_Minh,2026-06-11 02:02:00,2026-06-14 09:02:00,AD-12,US_SHIFT,2,N,N,N,False
L102523,DSA,USA,America/New_York,2026-06-11 05:50:00,2026-06-14 16:45:00,AD-08,IST_SHIFT,2,N,N,N,False
L103365,Organic,UK,Europe/London,2026-06-14 05:15:00,2026-06-14 18:35:00,AD-07,IST_SHIFT,2,N,N,N,False
L104432,Google,USA,America/New_York,2026-06-11 09:55:00,2026-06-14 19:39:00,AD-04,US_SHIFT,2,N,N,N,False
L102132,DSA,USA,America/New_York,2026-06-14 00:55:00,2026-06-14 20:29:00,AD-02,US_SHIFT,2,N,N,N,False
L100500,Referral,India,Asia/Kolkata,2026-06-13 22:06:00,2026-06-14 20:56:00,AD-04,US_SHIFT,2,N,N,N,False
L102163,Referral,Australia,Australia/Sydney,2026-06-09 11:06:00,2026-06-15 06:57:00,AD-07,IST_SHIFT,2,N,N,N,False
L104420,Referral,USA,America/New_York,2026-06-11 21:23:00,2026-06-15 17:25:00,AD-05,IST_SHIFT,2,N,N,N,False
L102182,Referral,USA,America/New_York,2026-06-11 23:17:00,2026-06-15 17:48:00,AD-01,US_SHIFT,2,N,N,N,False
L100451,Meta,India,Asia/Kolkata,2026-06-12 07:09:00,2026-06-16 07:31:00,AD-12,US_SHIFT,2,N,N,N,False
L103516,Meta,Saudi Arabia,Asia/Riyadh,2026-06-13 16:45:00,2026-06-16 13:08:00,AD-05,IST_SHIFT,2,N,N,N,False
L104332,Meta,Vietnam,Asia/Ho_Chi_Minh,2026-06-09 03:42:00,2026-06-16 17:11:00,AD-06,IST_SHIFT,2,N,N,N,False
L100316,Organic,India,Asia/Kolkata,2026-06-12 18:48:00,2026-06-16 19:10:00,AD-02,US_SHIFT,2,N,N,N,False
L100938,Organic,USA,America/New_York,2026-06-16 06:19:00,2026-06-17 02:39:00,AD-11,SEA_SHIFT,2,N,N,N,False
L102763,Affiliate,Saudi Arabia,Asia/Riyadh,2026-06-16 15:45:00,2026-06-17 02:47:00,AD-05,IST_SHIFT,2,N,N,N,False
L104674,DSA,USA,America/New_York,2026-06-08 21:01:00,2026-06-17 03:02:00,AD-06,IST_SHIFT,2,N,N,N,False
L101079,DSA,India,Asia/Kolkata,2026-06-11 03:27:00,2026-06-17 15:07:00,AD-09,IST_SHIFT,2,N,N,N,False
L100757,Organic,Saudi Arabia,Asia/Riyadh,2026-06-17 16:57:00,2026-06-17 22:43:00,AD-02,US_SHIFT,2,N,N,N,False
L102011,Google,India,Asia/Kolkata,2026-06-16 01:16:00,2026-06-18 04:45:00,AD-11,SEA_SHIFT,2,N,N,N,False
L102414,Google,UAE,Asia/Dubai,2026-06-15 02:29:00,2026-06-18 06:27:00,AD-07,IST_SHIFT,2,N,N,N,False
L103094,Google,India,Asia/Kolkata,2026-06-14 08:26:00,2026-06-18 12:12:00,AD-12,US_SHIFT,2,N,N,N,False
L104185,Referral,Australia,Australia/Sydney,2026-06-18 02:44:00,2026-06-18 12:51:00,AD-11,SEA_SHIFT,2,N,N,N,False
L104704,Meta,USA,America/New_York,2026-06-13 00:29:00,2026-06-18 14:20:00,AD-02,US_SHIFT,2,N,N,N,False
L101330,Organic,UK,Europe/London,2026-06-17 10:42:00,2026-06-18 15:06:00,AD-01,US_SHIFT,2,N,N,N,False
L101194,Meta,USA,America/New_York,2026-06-18 12:50:00,2026-06-18 15:54:00,AD-06,IST_SHIFT,2,N,N,N,False
L104964,Organic,UK,Europe/London,2026-06-15 05:39:00,2026-06-18 19:24:00,AD-02,US_SHIFT,2,N,N,N,False
L101332,Google,UK,Europe/London,2026-06-15 21:47:00,2026-06-19 01:50:00,AD-08,IST_SHIFT,2,N,N,N,False
L103176,Meta,India,Asia/Kolkata,2026-06-18 15:01:00,2026-06-19 03:03:00,AD-05,IST_SHIFT,2,N,N,N,False
L101243,Meta,Saudi Arabia,Asia/Riyadh,2026-06-13 16:02:00,2026-06-19 03:59:00,AD-09,IST_SHIFT,2,N,N,N,False
L104518,Google,India,Asia/Kolkata,2026-06-12 17:27:00,2026-06-19 04:42:00,AD-01,US_SHIFT,2,N,N,N,False
L101488,Google,USA,America/New_York,2026-06-19 00:22:00,2026-06-19 09:16:00,AD-03,US_SHIFT,2,N,N,N,False
L101528,Meta,Australia,Australia/Sydney,2026-06-19 04:18:00,2026-06-19 14:19:00,AD-05,IST_SHIFT,2,N,N,N,False
L100150,Meta,USA,America/New_York,2026-06-19 00:51:00,2026-06-19 15:44:00,AD-07,IST_SHIFT,2,N,N,N,False
L102776,DSA,UAE,Asia/Dubai,2026-06-15 06:53:00,2026-06-20 01:59:00,AD-03,US_SHIFT,2,N,N,N,False
L104025,Meta,USA,America/New_York,2026-06-14 05:42:00,2026-06-20 03:05:00,AD-05,IST_SHIFT,2,N,N,N,False
L100068,DSA,UAE,Asia/Dubai,2026-06-16 23:29:00,2026-06-20 05:33:00,AD-07,IST_SHIFT,2,N,N,N,False
L104686,Organic,USA,America/New_York,2026-06-19 13:17:00,2026-06-20 09:14:00,AD-05,IST_SHIFT,2,N,N,N,False
L100245,Meta,Australia,Australia/Sydney,2026-06-17 06:24:00,2026-06-20 12:02:00,AD-03,US_SHIFT,2,N,N,N,False
L103050,Google,USA,America/New_York,2026-06-20 08:31:00,2026-06-20 14:24:00,AD-07,IST_SHIFT,2,N,N,N,False
L102054,Affiliate,USA,America/New_York,2026-06-17 15:41:00,2026-06-21 02:05:00,AD-03,US_SHIFT,2,N,N,N,False
L104012,Meta,Saudi Arabia,Asia/Riyadh,2026-06-21 02:04:00,2026-06-21 04:15:00,AD-07,IST_SHIFT,2,N,N,N,False
L104523,Google,India,Asia/Kolkata,2026-06-18 02:18:00,2026-06-21 07:04:00,AD-02,US_SHIFT,2,N,N,N,False
L104571,Meta,USA,America/New_York,2026-06-18 00:02:00,2026-06-21 15:21:00,AD-11,SEA_SHIFT,2,N,N,N,False
L104660,Meta,USA,America/New_York,2026-06-21 11:21:00,2026-06-21 18:39:00,AD-07,IST_SHIFT,2,N,N,N,False
L101912,Meta,USA,America/New_York,2026-06-14 03:40:00,2026-06-21 18:56:00,AD-09,IST_SHIFT,2,N,N,N,False
L102049,Organic,Vietnam,Asia/Ho_Chi_Minh,2026-06-17 23:00:00,2026-06-21 19:46:00,AD-01,US_SHIFT,2,N,N,N,False
L101847,Google,Vietnam,Asia/Ho_Chi_Minh,2026-06-18 15:53:00,2026-06-21 22:03:00,AD-06,IST_SHIFT,2,N,N,N,False
L101809,Google,USA,America/New_York,2026-06-15 20:25:00,2026-06-22 07:13:00,AD-03,US_SHIFT,2,N,N,N,False
L103691,Meta,Vietnam,Asia/Ho_Chi_Minh,2026-06-22 07:58:00,2026-06-22 11:19:00,AD-04,US_SHIFT,2,N,N,N,False
L103046,Meta,USA,America/New_York,2026-06-16 10:19:00,2026-06-22 17:16:00,AD-06,IST_SHIFT,2,N,N,N,False
L102351,Meta,Singapore,Asia/Singapore,2026-06-19 22:10:00,2026-06-23 02:08:00,AD-07,IST_SHIFT,2,N,N,N,False
L103217,Organic,USA,America/New_York,2026-06-20 13:24:00,2026-06-23 03:17:00,AD-06,IST_SHIFT,2,N,N,N,False
L104741,Organic,UK,Europe/London,2026-06-22 19:45:00,2026-06-23 03:29:00,AD-07,IST_SHIFT,2,N,N,N,False
L100207,Google,USA,America/New_York,2026-06-22 13:53:00,2026-06-23 04:09:00,AD-10,SEA_SHIFT,2,N,N,N,False
L100913,Affiliate,Saudi Arabia,Asia/Riyadh,2026-06-18 21:49:00,2026-06-23 06:10:00,AD-03,US_SHIFT,2,N,N,N,False
L101063,DSA,UK,Europe/London,2026-06-18 11:09:00,2026-06-23 07:20:00,AD-01,US_SHIFT,2,N,N,N,False
L101527,Meta,USA,America/New_York,2026-06-13 08:16:00,2026-06-23 15:19:00,AD-02,US_SHIFT,2,N,N,N,False
L104940,Google,Saudi Arabia,Asia/Riyadh,2026-06-21 16:40:00,2026-06-24 00:39:00,AD-11,SEA_SHIFT,2,N,N,N,False
L102177,Google,Australia,Australia/Sydney,2026-06-23 16:43:00,2026-06-24 02:45:00,AD-09,IST_SHIFT,2,N,N,N,False
L104715,Google,USA,America/New_York,2026-06-21 09:38:00,2026-06-24 07:31:00,AD-11,SEA_SHIFT,2,N,N,N,False
L104703,Meta,USA,America/New_York,2026-06-21 00:53:00,2026-06-24 12:14:00,AD-01,US_SHIFT,2,N,N,N,False
L102852,Meta,USA,America/New_York,2026-06-21 18:35:00,2026-06-24 14:25:00,AD-01,US_SHIFT,2,N,N,N,False
L103822,Meta,USA,America/New_York,2026-06-18 08:43:00,2026-06-24 17:59:00,AD-06,IST_SHIFT,2,N,N,N,False
L100509,Organic,UAE,Asia/Dubai,2026-06-19 13:27:00,2026-06-24 18:56:00,AD-01,US_SHIFT,2,N,N,N,False
L102495,Meta,USA,America/New_York,2026-06-17 19:28:00,2026-06-25 03:15:00,AD-04,US_SHIFT,2,N,N,N,False
L103593,Organic,Vietnam,Asia/Ho_Chi_Minh,2026-06-24 03:05:00,2026-06-25 04:30:00,AD-02,US_SHIFT,2,N,N,N,False
L104542,Affiliate,India,Asia/Kolkata,2026-06-24 12:52:00,2026-06-25 08:51:00,AD-02,US_SHIFT,2,N,N,N,False
L104449,Organic,USA,America/New_York,2026-06-24 17:15:00,2026-06-25 12:25:00,AD-02,US_SHIFT,2,N,N,N,False
L104370,Google,USA,America/New_York,2026-06-17 07:53:00,2026-06-25 14:22:00,AD-07,IST_SHIFT,2,N,N,N,False
L103055,Organic,USA,America/New_York,2026-06-25 17:01:00,2026-06-26 00:40:00,AD-10,SEA_SHIFT,2,N,N,N,False
L103887,Meta,India,Asia/Kolkata,2026-06-25 22:06:00,2026-06-26 06:17:00,AD-02,US_SHIFT,2,N,N,N,False
L102555,DSA,India,Asia/Kolkata,2026-06-26 05:56:00,2026-06-26 09:20:00,AD-01,US_SHIFT,2,N,N,N,False
L103336,Google,UAE,Asia/Dubai,2026-06-23 12:12:00,2026-06-26 11:21:00,AD-01,US_SHIFT,2,N,N,N,False
L101652,Meta,Australia,Australia/Sydney,2026-06-25 23:54:00,2026-06-27 00:28:00,AD-09,IST_SHIFT,2,N,N,N,False
L101325,DSA,USA,America/New_York,2026-06-23 11:17:00,2026-06-27 01:07:00,AD-04,US_SHIFT,2,N,N,N,False
L100883,Google,India,Asia/Kolkata,2026-06-25 06:23:00,2026-06-27 01:22:00,AD-10,SEA_SHIFT,2,N,N,N,False
L104835,Organic,UK,Europe/London,2026-06-20 19:22:00,2026-06-27 04:10:00,AD-06,IST_SHIFT,2,N,N,N,False
L103485,Meta,UK,Europe/London,2026-06-26 11:28:00,2026-06-27 11:44:00,AD-10,SEA_SHIFT,2,N,N,N,False
L104395,Meta,Vietnam,Asia/Ho_Chi_Minh,2026-06-23 19:24:00,2026-06-27 13:30:00,AD-10,SEA_SHIFT,2,N,N,N,False
L101311,Referral,Vietnam,Asia/Ho_Chi_Minh,2026-06-26 15:47:00,2026-06-27 16:39:00,AD-01,US_SHIFT,2,N,N,N,False
L100210,DSA,Vietnam,Asia/Ho_Chi_Minh,2026-06-23 00:57:00,2026-06-27 23:15:00,AD-12,US_SHIFT,2,N,N,N,False
L104054,Meta,Vietnam,Asia/Ho_Chi_Minh,2026-06-23 22:48:00,2026-06-28 01:13:00,AD-12,US_SHIFT,2,N,N,N,False
L102022,Meta,India,Asia/Kolkata,2026-06-27 02:05:00,2026-06-28 01:16:00,AD-10,SEA_SHIFT,2,N,N,N,False
L101775,Referral,USA,America/New_York,2026-06-23 22:08:00,2026-06-28 03:12:00,AD-10,SEA_SHIFT,2,N,N,N,False
L104974,Meta,Vietnam,Asia/Ho_Chi_Minh,2026-06-26 16:05:00,2026-06-28 03:53:00,AD-06,IST_SHIFT,2,N,N,N,False
L102371,Organic,Vietnam,Asia/Ho_Chi_Minh,2026-06-27 12:00:00,2026-06-28 06:33:00,AD-07,IST_SHIFT,2,N,N,N,False
L103109,Organic,Australia,Australia/Sydney,2026-06-23 22:41:00,2026-06-28 06:45:00,AD-02,US_SHIFT,2,N,N,N,False
L104736,Organic,Singapore,Asia/Singapore,2026-06-24 11:12:00,2026-06-28 09:40:00,AD-04,US_SHIFT,2,N,N,N,False
L101623,Google,India,Asia/Kolkata,2026-06-23 15:19:00,2026-06-28 11:05:00,AD-02,US_SHIFT,2,N,N,N,False
L102150,Meta,India,Asia/Kolkata,2026-06-27 14:34:00,2026-06-28 14:09:00,AD-01,US_SHIFT,2,N,N,N,False
L102696,Affiliate,UK,Europe/London,2026-06-21 08:49:00,2026-06-28 18:28:00,AD-08,IST_SHIFT,2,N,N,N,False
L104550,Referral,UAE,Asia/Dubai,2026-06-23 15:57:00,2026-06-28 23:33:00,AD-01,US_SHIFT,2,N,N,N,False
L101890,Organic,USA,America/New_York,2026-06-25 03:26:00,2026-06-29 00:29:00,AD-01,US_SHIFT,2,N,N,N,False
L101084,Meta,Saudi Arabia,Asia/Riyadh,2026-06-23 04:34:00,2026-06-29 01:24:00,AD-04,US_SHIFT,2,N,N,N,False
L100339,Organic,Singapore,Asia/Singapore,2026-06-28 19:34:00,2026-06-29 05:42:00,AD-03,US_SHIFT,2,N,N,N,False
L103549,Meta,USA,America/New_York,2026-06-28 11:05:00,2026-06-29 10:52:00,AD-07,IST_SHIFT,2,N,N,N,False
L102467,Meta,Australia,Australia/Sydney,2026-06-29 01:53:00,2026-06-29 11:41:00,AD-04,US_SHIFT,2,N,N,N,False
L100909,DSA,Vietnam,Asia/Ho_Chi_Minh,2026-06-28 20:22:00,2026-06-29 16:17:00,AD-06,IST_SHIFT,2,N,N,N,False
L102850,Google,UAE,Asia/Dubai,2026-06-29 02:57:00,2026-06-29 16:38:00,AD-06,IST_SHIFT,2,N,N,N,False
L100983,Google,UK,Europe/London,2026-06-23 15:33:00,2026-06-30 07:15:00,AD-04,US_SHIFT,2,N,N,N,False
L100101,Meta,UK,Europe/London,2026-06-25 18:55:00,2026-07-01 02:42:00,AD-03,US_SHIFT,2,N,N,N,False
L100146,Meta,India,Asia/Kolkata,2026-06-27 08:52:00,2026-07-01 03:57:00,AD-12,US_SHIFT,2,N,N,N,False
L101554,Google,UAE,Asia/Dubai,2026-06-27 21:20:00,2026-07-01 04:56:00,AD-02,US_SHIFT,2,N,N,N,False
L102687,Referral,UAE,Asia/Dubai,2026-07-01 00:22:00,2026-07-01 14:02:00,AD-03,US_SHIFT,2,N,N,N,False
L103848,Organic,Australia,Australia/Sydney,2026-06-27 17:17:00,2026-07-01 16:30:00,AD-03,US_SHIFT,2,N,N,N,False
L104725,Affiliate,Vietnam,Asia/Ho_Chi_Minh,2026-06-29 00:45:00,2026-07-01 18:54:00,AD-07,IST_SHIFT,2,N,N,N,False
L102290,Google,India,Asia/Kolkata,2026-07-01 09:11:00,2026-07-01 19:54:00,AD-11,SEA_SHIFT,2,N,N,N,False
L104772,Google,Vietnam,Asia/Ho_Chi_Minh,2026-06-27 08:17:00,2026-07-01 21:36:00,AD-02,US_SHIFT,2,N,N,N,False
L103205,Meta,Vietnam,Asia/Ho_Chi_Minh,2026-06-26 21:03:00,2026-07-02 09:13:00,AD-04,US_SHIFT,2,N,N,N,False
L104147,Organic,USA,America/New_York,2026-06-27 03:52:00,2026-07-02 13:06:00,AD-10,SEA_SHIFT,2,N,N,N,False
L102469,Meta,USA,America/New_York,2026-06-28 21:07:00,2026-07-02 13:39:00,AD-10,SEA_SHIFT,2,N,N,N,False
L102195,Meta,USA,America/New_York,2026-07-02 13:02:00,2026-07-03 03:53:00,AD-07,IST_SHIFT,2,N,N,N,False
L100711,Meta,UK,Europe/London,2026-06-29 16:10:00,2026-07-03 07:23:00,AD-10,SEA_SHIFT,2,N,N,N,False
L101904,Google,USA,America/New_York,2026-07-03 21:28:00,2026-07-04 05:41:00,AD-03,US_SHIFT,2,N,N,N,False
L100599,Referral,Saudi Arabia,Asia/Riyadh,2026-06-30 12:38:00,2026-07-04 07:42:00,AD-04,US_SHIFT,2,N,N,N,False
L101999,Google,UK,Europe/London,2026-06-30 07:20:00,2026-07-04 11:37:00,AD-11,SEA_SHIFT,2,N,N,N,False
L103653,Google,India,Asia/Kolkata,2026-06-29 14:34:00,2026-07-04 12:41:00,AD-05,IST_SHIFT,2,N,N,N,False
L101965,Organic,UAE,Asia/Dubai,2026-07-04 09:08:00,2026-07-04 13:07:00,AD-04,US_SHIFT,2,N,N,N,False
L101891,Google,India,Asia/Kolkata,2026-07-03 19:24:00,2026-07-04 15:50:00,AD-04,US_SHIFT,2,N,N,N,False
L100739,DSA,India,Asia/Kolkata,2026-06-26 21:33:00,2026-07-04 16:42:00,AD-04,US_SHIFT,2,N,N,N,False
L101173,Affiliate,India,Asia/Kolkata,2026-07-03 19:05:00,2026-07-04 17:33:00,AD-09,IST_SHIFT,2,N,N,N,False
L100406,Meta,Singapore,Asia/Singapore,2026-07-01 10:48:00,2026-07-04 17:43:00,AD-08,IST_SHIFT,2,N,N,N,False
L101150,Meta,USA,America/New_York,2026-06-30 06:49:00,2026-07-04 17:58:00,AD-05,IST_SHIFT,2,N,N,N,False
L104122,DSA,Australia,Australia/Sydney,2026-07-04 14:09:00,2026-07-04 19:14:00,AD-08,IST_SHIFT,2,N,N,N,False
L101504,Google,Saudi Arabia,Asia/Riyadh,2026-07-04 14:11:00,2026-07-04 20:01:00,AD-06,IST_SHIFT,2,N,N,N,False
L101249,Google,India,Asia/Kolkata,2026-06-30 01:40:00,2026-07-05 09:36:00,AD-02,US_SHIFT,2,N,N,N,False
L102714,Meta,Australia,Australia/Sydney,2026-07-02 13:24:00,2026-07-05 12:16:00,AD-07,IST_SHIFT,2,N,N,N,False
L104377,Google,Singapore,Asia/Singapore,2026-06-28 07:44:00,2026-07-05 14:32:00,AD-12,US_SHIFT,2,N,N,N,False
L104253,Meta,Vietnam,Asia/Ho_Chi_Minh,2026-07-01 05:30:00,2026-07-05 17:52:00,AD-06,IST_SHIFT,2,N,N,N,False
L104397,Affiliate,UK,Europe/London,2026-07-04 22:00:00,2026-07-05 18:48:00,AD-07,IST_SHIFT,2,N,N,N,False
L104620,Meta,USA,America/New_York,2026-07-06 01:44:00,2026-07-06 10:37:00,AD-12,US_SHIFT,2,N,N,N,False
L103288,Meta,Saudi Arabia,Asia/Riyadh,2026-07-06 08:40:00,2026-07-06 11:43:00,AD-12,US_SHIFT,2,N,N,N,False
L101643,Google,UK,Europe/London,2026-07-03 18:49:00,2026-07-06 23:49:00,AD-10,SEA_SHIFT,2,N,N,N,False
L101774,Meta,Vietnam,Asia/Ho_Chi_Minh,2026-07-03 08:54:00,2026-07-07 00:38:00,AD-06,IST_SHIFT,2,N,N,N,False
L104450,DSA,Vietnam,Asia/Ho_Chi_Minh,2026-07-04 19:35:00,2026-07-07 02:49:00,AD-06,IST_SHIFT,2,N,N,N,False
L100539,Google,Saudi Arabia,Asia/Riyadh,2026-07-01 22:06:00,2026-07-07 02:53:00,AD-10,SEA_SHIFT,2,N,N,N,False
L103664,Meta,USA,America/New_York,2026-07-02 10:57:00,2026-07-07 04:10:00,AD-05,IST_SHIFT,2,N,N,N,False
L101607,Google,Vietnam,Asia/Ho_Chi_Minh,2026-07-05 12:01:00,2026-07-07 13:06:00,AD-06,IST_SHIFT,2,N,N,N,False
L100395,Meta,Saudi Arabia,Asia/Riyadh,2026-07-07 14:30:00,2026-07-07 17:26:00,AD-07,IST_SHIFT,2,N,N,N,False
L100027,Meta,UK,Europe/London,2026-07-02 13:49:00,2026-07-07 20:53:00,AD-02,US_SHIFT,2,N,N,N,False
L104729,Meta,Vietnam,Asia/Ho_Chi_Minh,2026-07-07 12:20:00,2026-07-07 21:20:00,AD-09,IST_SHIFT,2,N,N,N,False
L100424,Organic,India,Asia/Kolkata,2026-07-07 10:19:00,2026-07-07 21:22:00,AD-08,IST_SHIFT,2,N,N,N,False
L101324,DSA,Vietnam,Asia/Ho_Chi_Minh,2026-07-07 16:37:00,2026-07-08 03:15:00,AD-02,US_SHIFT,2,N,N,N,False
L101539,Google,USA,America/New_York,2026-07-03 06:34:00,2026-07-08 04:24:00,AD-07,IST_SHIFT,2,N,N,N,False
L103902,Meta,UAE,Asia/Dubai,2026-07-07 16:10:00,2026-07-08 13:10:00,AD-05,IST_SHIFT,2,N,N,N,False
L101286,Meta,Australia,Australia/Sydney,2026-07-05 14:53:00,2026-07-08 23:41:00,AD-04,US_SHIFT,2,N,N,N,False
L100295,Meta,UK,Europe/London,2026-07-03 20:54:00,2026-07-09 12:16:00,AD-10,SEA_SHIFT,2,N,N,N,False
L104644,Google,USA,America/New_York,2026-07-06 14:36:00,2026-07-09 12:27:00,AD-02,US_SHIFT,2,N,N,N,False
L104503,Meta,USA,America/New_York,2026-07-07 20:14:00,2026-07-10 11:55:00,AD-03,US_SHIFT,2,N,N,N,False
L100465,Google,USA,America/New_York,2026-07-03 21:46:00,2026-07-10 13:02:00,AD-10,SEA_SHIFT,2,N,N,N,False
L104414,Meta,USA,America/New_York,2026-07-09 23:22:00,2026-07-10 15:07:00,AD-09,IST_SHIFT,2,N,N,N,False
L103873,Meta,USA,America/New_York,2026-07-06 23:12:00,2026-07-10 17:21:00,AD-05,IST_SHIFT,2,N,N,N,False
L100869,Google,UK,Europe/London,2026-07-08 11:32:00,2026-07-11 01:48:00,AD-05,IST_SHIFT,2,N,N,N,False
L101258,DSA,USA,America/New_York,2026-07-10 20:16:00,2026-07-11 10:07:00,AD-02,US_SHIFT,2,N,N,N,False
L102499,Google,USA,America/New_York,2026-07-06 19:45:00,2026-07-11 11:23:00,AD-09,IST_SHIFT,2,N,N,N,False
L103500,Google,Saudi Arabia,Asia/Riyadh,2026-07-08 03:39:00,2026-07-11 12:42:00,AD-12,US_SHIFT,2,N,N,N,False
L102703,Meta,USA,America/New_York,2026-07-04 23:48:00,2026-07-11 14:44:00,AD-03,US_SHIFT,2,N,N,N,False
L102878,Google,Saudi Arabia,Asia/Riyadh,2026-07-07 12:06:00,2026-07-11 22:00:00,AD-06,IST_SHIFT,2,N,N,N,False
L102086,Meta,UK,Europe/London,2026-07-11 20:26:00,2026-07-11 23:33:00,AD-10,SEA_SHIFT,2,N,N,N,False
L102489,Meta,Singapore,Asia/Singapore,2026-07-02 22:57:00,2026-07-12 01:45:00,AD-03,US_SHIFT,2,N,N,N,False
L104080,Google,Australia,Australia/Sydney,2026-07-07 22:47:00,2026-07-12 08:52:00,AD-06,IST_SHIFT,2,N,N,N,False
L101828,Meta,Australia,Australia/Sydney,2026-07-12 08:11:00,2026-07-13 10:12:00,AD-09,IST_SHIFT,2,N,N,N,False
L104110,Google,Vietnam,Asia/Ho_Chi_Minh,2026-07-07 13:35:00,2026-07-13 12:10:00,AD-05,IST_SHIFT,2,N,N,N,False
L101935,DSA,USA,America/New_York,2026-07-12 16:13:00,2026-07-13 19:29:00,AD-12,US_SHIFT,2,N,N,N,False
L100348,Google,USA,America/New_York,2026-07-13 01:52:00,2026-07-13 21:47:00,AD-04,US_SHIFT,2,N,N,N,False
L103688,Meta,Vietnam,Asia/Ho_Chi_Minh,2026-07-11 15:36:00,2026-07-14 00:58:00,AD-05,IST_SHIFT,2,N,N,N,False
L103071,Referral,UK,Europe/London,2026-07-13 14:29:00,2026-07-14 07:49:00,AD-11,SEA_SHIFT,2,N,N,N,False
L104308,Organic,Vietnam,Asia/Ho_Chi_Minh,2026-07-12 06:00:00,2026-07-14 09:33:00,AD-01,US_SHIFT,2,N,N,N,False
L101990,Google,Vietnam,Asia/Ho_Chi_Minh,2026-07-14 07:33:00,2026-07-14 14:14:00,AD-02,US_SHIFT,2,N,N,N,False
L103034,Meta,Vietnam,Asia/Ho_Chi_Minh,2026-07-10 19:47:00,2026-07-14 17:24:00,AD-12,US_SHIFT,2,N,N,N,False
L102303,Meta,UK,Europe/London,2026-07-14 15:34:00,2026-07-14 18:21:00,AD-01,US_SHIFT,2,N,N,N,False
L103514,DSA,Australia,Australia/Sydney,2026-07-06 21:11:00,2026-07-15 08:34:00,AD-05,IST_SHIFT,2,N,N,N,False
L101497,Meta,USA,America/New_York,2026-07-15 02:16:00,2026-07-15 15:43:00,AD-02,US_SHIFT,2,N,N,N,False
L101388,Organic,USA,America/New_York,2026-07-14 10:30:00,2026-07-15 18:35:00,AD-10,SEA_SHIFT,2,N,N,N,False
L103346,Meta,USA,America/New_York,2026-07-12 19:09:00,2026-07-16 01:24:00,AD-02,US_SHIFT,2,N,N,N,False
L100987,Google,Vietnam,Asia/Ho_Chi_Minh,2026-07-13 00:32:00,2026-07-16 02:54:00,AD-12,US_SHIFT,2,N,N,N,False
L102885,Affiliate,Singapore,Asia/Singapore,2026-07-12 06:43:00,2026-07-16 12:33:00,AD-06,IST_SHIFT,2,N,N,N,False
L104862,Meta,India,Asia/Kolkata,2026-07-15 10:52:00,2026-07-16 13:11:00,AD-02,US_SHIFT,2,N,N,N,False
L102494,Meta,USA,America/New_York,2026-07-08 19:37:00,2026-07-16 15:52:00,AD-06,IST_SHIFT,2,N,N,N,False
L101196,Meta,Vietnam,Asia/Ho_Chi_Minh,2026-07-12 11:48:00,2026-07-16 20:50:00,AD-12,US_SHIFT,2,N,N,N,False
L103339,Affiliate,USA,America/New_York,2026-07-12 01:19:00,2026-07-16 20:55:00,AD-09,IST_SHIFT,2,N,N,N,False
L103817,Google,Saudi Arabia,Asia/Riyadh,2026-07-16 16:24:00,2026-07-16 22:04:00,AD-05,IST_SHIFT,2,N,N,N,False
L102531,Google,Australia,Australia/Sydney,2026-07-13 12:54:00,2026-07-17 00:38:00,AD-07,IST_SHIFT,2,N,N,N,False
L103536,Meta,USA,America/New_York,2026-07-15 21:23:00,2026-07-17 04:21:00,AD-02,US_SHIFT,2,N,N,N,False
L102040,DSA,Australia,Australia/Sydney,2026-07-11 20:28:00,2026-07-17 09:35:00,AD-04,US_SHIFT,2,N,N,N,False
L100268,Organic,USA,America/New_York,2026-07-12 15:03:00,2026-07-17 10:08:00,AD-02,US_SHIFT,2,N,N,N,False
L102084,Meta,USA,America/New_York,2026-07-17 09:26:00,2026-07-17 18:51:00,AD-04,US_SHIFT,2,N,N,N,False
L100645,Meta,India,Asia/Kolkata,2026-07-17 04:14:00,2026-07-17 19:59:00,AD-07,IST_SHIFT,2,N,N,N,False
L103672,Referral,UAE,Asia/Dubai,2026-07-17 22:45:00,2026-07-18 17:04:00,AD-07,IST_SHIFT,2,N,N,N,False
L104184,DSA,USA,America/New_York,2026-07-11 12:57:00,2026-07-18 19:14:00,AD-04,US_SHIFT,2,N,N,N,False
L100571,Meta,USA,America/New_York,2026-07-18 11:20:00,2026-07-18 23:26:00,AD-07,IST_SHIFT,2,N,N,N,False
L101393,Affiliate,UK,Europe/London,2026-07-14 23:18:00,2026-07-19 09:13:00,AD-06,IST_SHIFT,2,N,N,N,False
L103293,Organic,USA,America/New_York,2026-07-15 19:28:00,2026-07-19 14:56:00,AD-10,SEA_SHIFT,2,N,N,N,False
L102218,Meta,USA,America/New_York,2026-07-19 04:53:00,2026-07-19 17:23:00,AD-03,US_SHIFT,2,N,N,N,False
L103352,Google,Saudi Arabia,Asia/Riyadh,2026-07-19 03:55:00,2026-07-19 17:37:00,AD-09,IST_SHIFT,2,N,N,N,False
L102392,Organic,Singapore,Asia/Singapore,2026-07-18 17:07:00,2026-07-19 19:04:00,AD-07,IST_SHIFT,2,N,N,N,False
L101699,Meta,USA,America/New_York,2026-07-19 08:45:00,2026-07-19 19:06:00,AD-06,IST_SHIFT,2,N,N,N,False
L100891,Meta,India,Asia/Kolkata,2026-07-16 00:29:00,2026-07-20 06:37:00,AD-05,IST_SHIFT,2,N,N,N,False
L104667,Google,USA,America/New_York,2026-07-16 23:44:00,2026-07-20 12:01:00,AD-03,US_SHIFT,2,N,N,N,False
L104322,Meta,USA,America/New_York,2026-07-13 19:40:00,2026-07-20 14:38:00,AD-01,US_SHIFT,2,N,N,N,False
L100246,Meta,UK,Europe/London,2026-07-17 06:29:00,2026-07-20 15:33:00,AD-10,SEA_SHIFT,2,N,N,N,False
L104619,Meta,UK,Europe/London,2026-07-16 12:00:00,2026-07-21 00:59:00,AD-03,US_SHIFT,2,N,N,N,False
L104754,DSA,Vietnam,Asia/Ho_Chi_Minh,2026-07-18 11:27:00,2026-07-21 08:06:00,AD-07,IST_SHIFT,2,N,N,N,False
L101640,Meta,UK,Europe/London,2026-07-17 16:51:00,2026-07-21 08:14:00,AD-11,SEA_SHIFT,2,N,N,N,False
L100437,Meta,UAE,Asia/Dubai,2026-07-17 23:48:00,2026-07-21 22:44:00,AD-02,US_SHIFT,2,N,N,N,False
L102940,Meta,India,Asia/Kolkata,2026-07-18 19:15:00,2026-07-22 01:23:00,AD-04,US_SHIFT,2,N,N,N,False
L100353,Google,USA,America/New_York,2026-07-21 16:28:00,2026-07-22 02:50:00,AD-02,US_SHIFT,2,N,N,N,False
L104950,Google,Vietnam,Asia/Ho_Chi_Minh,2026-07-18 14:03:00,2026-07-22 03:13:00,AD-05,IST_SHIFT,2,N,N,N,False
L103965,Meta,Saudi Arabia,Asia/Riyadh,2026-07-21 14:21:00,2026-07-22 04:44:00,AD-02,US_SHIFT,2,N,N,N,False
L102198,Meta,USA,America/New_York,2026-07-19 08:06:00,2026-07-22 07:13:00,AD-03,US_SHIFT,2,N,N,N,False
L103153,Meta,USA,America/New_York,2026-07-14 19:09:00,2026-07-22 09:40:00,AD-09,IST_SHIFT,2,N,N,N,False
L101693,Meta,India,Asia/Kolkata,2026-07-17 14:09:00,2026-07-22 14:20:00,AD-03,US_SHIFT,2,N,N,N,False
L104969,Meta,USA,America/New_York,2026-07-18 20:55:00,2026-07-23 07:36:00,AD-05,IST_SHIFT,2,N,N,N,False
L103841,Meta,Singapore,Asia/Singapore,2026-07-23 07:22:00,2026-07-23 14:37:00,AD-04,US_SHIFT,2,N,N,N,False
L102385,Referral,UK,Europe/London,2026-07-21 05:31:00,2026-07-24 02:13:00,AD-02,US_SHIFT,2,N,N,N,False
L101725,Meta,USA,America/New_York,2026-07-24 01:08:00,2026-07-24 06:40:00,AD-08,IST_SHIFT,2,N,N,N,False
L101738,DSA,Singapore,Asia/Singapore,2026-07-23 15:34:00,2026-07-24 10:03:00,AD-12,US_SHIFT,2,N,N,N,False
L103999,Meta,India,Asia/Kolkata,2026-07-19 07:45:00,2026-07-24 18:46:00,AD-06,IST_SHIFT,2,N,N,N,False
L100239,DSA,Vietnam,Asia/Ho_Chi_Minh,2026-07-24 02:33:00,2026-07-24 21:34:00,AD-08,IST_SHIFT,2,N,N,N,False
L104612,Meta,UK,Europe/London,2026-07-23 00:17:00,2026-07-25 07:30:00,AD-11,SEA_SHIFT,2,N,N,N,False
L100008,Meta,Saudi Arabia,Asia/Riyadh,2026-07-22 14:34:00,2026-07-25 09:48:00,AD-10,SEA_SHIFT,2,N,N,N,False
L104803,Meta,Vietnam,Asia/Ho_Chi_Minh,2026-07-23 21:45:00,2026-07-25 10:12:00,AD-06,IST_SHIFT,2,N,N,N,False
L102353,Organic,USA,America/New_York,2026-07-25 03:41:00,2026-07-25 18:04:00,AD-09,IST_SHIFT,2,N,N,N,False
L102578,Affiliate,Vietnam,Asia/Ho_Chi_Minh,2026-07-21 13:20:00,2026-07-26 07:11:00,AD-06,IST_SHIFT,2,N,N,N,False
L102546,Meta,Saudi Arabia,Asia/Riyadh,2026-07-25 18:29:00,2026-07-26 11:53:00,AD-07,IST_SHIFT,2,N,N,N,False
L103838,Referral,Saudi Arabia,Asia/Riyadh,2026-07-25 12:26:00,2026-07-26 13:11:00,AD-11,SEA_SHIFT,2,N,N,N,False
L102625,Meta,USA,America/New_York,2026-07-23 15:55:00,2026-07-26 18:56:00,AD-11,SEA_SHIFT,2,N,N,N,False
L104383,Google,UAE,Asia/Dubai,2026-07-21 17:02:00,2026-07-26 18:59:00,AD-09,IST_SHIFT,2,N,N,N,False
L101727,Meta,Vietnam,Asia/Ho_Chi_Minh,2026-07-26 13:41:00,2026-07-26 21:13:00,AD-11,SEA_SHIFT,2,N,N,N,False
L104608,Google,USA,America/New_York,2026-07-26 20:55:00,2026-07-27 09:51:00,AD-04,US_SHIFT,2,N,N,N,False
L102666,Google,UK,Europe/London,2026-07-27 06:38:00,2026-07-27 13:37:00,AD-05,IST_SHIFT,2,N,N,N,False
L104470,Google,Vietnam,Asia/Ho_Chi_Minh,2026-07-24 07:45:00,2026-07-27 17:33:00,AD-01,US_SHIFT,2,N,N,N,False
L103626,Organic,Saudi Arabia,Asia/Riyadh,2026-07-22 09:17:00,2026-07-27 18:21:00,AD-06,IST_SHIFT,2,N,N,N,False
L101114,Meta,Vietnam,Asia/Ho_Chi_Minh,2026-07-26 23:05:00,2026-07-27 20:39:00,AD-02,US_SHIFT,2,N,N,N,False
L100954,Meta,UK,Europe/London,2026-07-23 01:29:00,2026-07-28 00:43:00,AD-03,US_SHIFT,2,N,N,N,False
L100096,Meta,UK,Europe/London,2026-07-22 07:59:00,2026-07-28 04:16:00,AD-12,US_SHIFT,2,N,N,N,False
L101256,Meta,USA,America/New_York,2026-07-22 23:36:00,2026-07-28 14:42:00,AD-05,IST_SHIFT,2,N,N,N,False
L101166,Meta,USA,America/New_York,2026-07-23 23:39:00,2026-07-28 14:56:00,AD-04,US_SHIFT,2,N,N,N,False
L104310,Meta,UK,Europe/London,2026-07-24 05:08:00,2026-07-28 17:35:00,AD-06,IST_SHIFT,2,N,N,N,False
L100917,Meta,Vietnam,Asia/Ho_Chi_Minh,2026-07-28 01:51:00,2026-07-29 08:29:00,AD-10,SEA_SHIFT,2,N,N,N,False
L101616,Meta,USA,America/New_York,2026-07-24 18:01:00,2026-07-29 09:02:00,AD-10,SEA_SHIFT,2,N,N,N,False
L101223,Affiliate,UAE,Asia/Dubai,2026-07-23 07:09:00,2026-07-29 12:30:00,AD-02,US_SHIFT,2,N,N,N,False
L101575,Meta,UK,Europe/London,2026-07-26 21:07:00,2026-07-29 14:08:00,AD-09,IST_SHIFT,2,N,N,N,False
L102299,Affiliate,Saudi Arabia,Asia/Riyadh,2026-07-29 01:51:00,2026-07-29 21:43:00,AD-10,SEA_SHIFT,2,N,N,N,False
L103608,Google,Singapore,Asia/Singapore,2026-07-29 16:35:00,2026-07-29 22:46:00,AD-12,US_SHIFT,2,N,N,N,False
L102740,Google,Vietnam,Asia/Ho_Chi_Minh,2026-07-22 20:12:00,2026-07-30 04:39:00,AD-02,US_SHIFT,2,N,N,N,False
L103331,Google,USA,America/New_York,2026-07-23 23:41:00,2026-07-30 10:30:00,AD-08,IST_SHIFT,2,N,N,N,False
L100445,Referral,India,Asia/Kolkata,2026-07-29 10:31:00,2026-07-30 11:03:00,AD-02,US_SHIFT,2,N,N,N,False
L104657,Organic,USA,America/New_York,2026-07-30 02:58:00,2026-07-30 12:02:00,AD-08,IST_SHIFT,2,N,N,N,False
L101384,Affiliate,India,Asia/Kolkata,2026-07-30 08:52:00,2026-07-30 14:10:00,AD-01,US_SHIFT,2,N,N,N,False
L100483,Meta,USA,America/New_York,2026-07-27 14:36:00,2026-07-30 15:06:00,AD-11,SEA_SHIFT,2,N,N,N,False
L104775,Google,Vietnam,Asia/Ho_Chi_Minh,2026-07-29 16:56:00,2026-07-30 17:32:00,AD-06,IST_SHIFT,2,N,N,N,False
L104918,Referral,Saudi Arabia,Asia/Riyadh,2026-07-30 15:12:00,2026-07-30 23:59:00,AD-03,US_SHIFT,2,N,N,N,False
L102232,Organic,Vietnam,Asia/Ho_Chi_Minh,2026-07-26 12:35:00,2026-07-31 02:52:00,AD-05,IST_SHIFT,2,N,N,N,False
L101420,Meta,Saudi Arabia,Asia/Riyadh,2026-07-30 03:20:00,2026-07-31 03:51:00,AD-11,SEA_SHIFT,2,N,N,N,False
L101127,Google,USA,America/New_York,2026-07-31 09:55:00,2026-07-31 12:24:00,AD-01,US_SHIFT,2,N,N,N,False
L103767,Organic,UAE,Asia/Dubai,2026-07-24 22:46:00,2026-07-31 18:01:00,AD-01,US_SHIFT,2,N,N,N,False
L102821,Meta,Australia,Australia/Sydney,2026-07-31 16:33:00,2026-07-31 18:29:00,AD-06,IST_SHIFT,2,N,N,N,False
L103427,Meta,India,Asia/Kolkata,2026-07-21 13:09:00,2026-07-31 19:02:00,AD-09,IST_SHIFT,2,N,N,N,False
L100006,Affiliate,Singapore,Asia/Singapore,2026-07-31 09:23:00,2026-07-31 22:30:00,AD-11,SEA_SHIFT,2,N,N,N,False
L102905,Organic,USA,America/New_York,2026-07-30 23:05:00,2026-08-01 13:06:00,AD-06,IST_SHIFT,2,N,N,N,False
L103931,Meta,USA,America/New_York,2026-07-27 06:49:00,2026-08-01 15:40:00,AD-05,IST_SHIFT,2,N,N,N,False
L103725,DSA,USA,America/New_York,2026-07-23 10:43:00,2026-08-01 18:00:00,AD-02,US_SHIFT,2,N,N,N,False
L100151,Meta,USA,America/New_York,2026-07-28 17:07:00,2026-08-02 16:45:00,AD-04,US_SHIFT,2,N,N,N,False
L101612,Organic,India,Asia/Kolkata,2026-07-30 08:14:00,2026-08-04 07:14:00,AD-09,IST_SHIFT,2,N,N,N,False
L103607,Meta,USA,America/New_York,2026-07-30 02:41:00,2026-08-04 10:19:00,AD-06,IST_SHIFT,2,N,N,N,False
L102851,Meta,Vietnam,Asia/Ho_Chi_Minh,2026-07-31 14:20:00,2026-08-06 00:59:00,AD-06,IST_SHIFT,2,N,N,N,False
L103705,Meta,USA,America/New_York,2026-07-31 17:33:00,2026-08-06 05:03:00,AD-07,IST_SHIFT,2,N,N,N,False
L103576,Google,USA,America/New_York,2026-07-31 16:28:00,2026-08-08 15:05:00,AD-08,IST_SHIFT,2,N,N,N,False
L100094,Meta,UK,Europe/London,2026-06-01 10:35:00,2026-06-01 15:58:00,AD-12,US_SHIFT,3,N,N,N,False
L103698,Meta,USA,America/New_York,2026-06-02 20:54:00,2026-06-02 23:38:00,AD-06,IST_SHIFT,3,N,N,N,False
L100793,Meta,USA,America/New_York,2026-06-01 23:01:00,2026-06-04 18:10:00,AD-06,IST_SHIFT,3,N,N,N,False
L100298,DSA,USA,America/New_York,2026-06-04 02:19:00,2026-06-04 21:14:00,AD-09,IST_SHIFT,3,N,N,N,False
L104746,Meta,Singapore,Asia/Singapore,2026-06-04 01:34:00,2026-06-04 23:19:00,AD-07,IST_SHIFT,3,N,N,N,False
L102787,Google,USA,America/New_York,2026-06-01 10:16:00,2026-06-05 16:23:00,AD-08,IST_SHIFT,3,N,N,N,False
L103371,Meta,UAE,Asia/Dubai,2026-06-01 19:07:00,2026-06-06 16:27:00,AD-04,US_SHIFT,3,N,N,N,False
L102713,Meta,UK,Europe/London,2026-06-06 02:02:00,2026-06-06 22:33:00,AD-10,SEA_SHIFT,3,N,N,N,False
L100976,Meta,UK,Europe/London,2026-06-02 22:39:00,2026-06-07 02:01:00,AD-10,SEA_SHIFT,3,N,N,N,False
L102599,Google,UAE,Asia/Dubai,2026-06-01 22:08:00,2026-06-07 04:19:00,AD-01,US_SHIFT,3,N,N,N,False
L100508,DSA,UK,Europe/London,2026-06-06 20:30:00,2026-06-07 11:45:00,AD-07,IST_SHIFT,3,N,N,N,False
L104520,Google,India,Asia/Kolkata,2026-06-06 14:00:00,2026-06-07 22:13:00,AD-06,IST_SHIFT,3,N,N,N,False
L103534,DSA,UK,Europe/London,2026-06-01 06:38:00,2026-06-07 23:25:00,AD-01,US_SHIFT,3,N,N,N,False
L103600,DSA,Australia,Australia/Sydney,2026-06-05 11:49:00,2026-06-08 09:59:00,AD-10,SEA_SHIFT,3,N,N,N,False
L104375,Meta,Singapore,Asia/Singapore,2026-06-07 00:39:00,2026-06-08 10:47:00,AD-02,US_SHIFT,3,N,N,N,False
L100300,Meta,Vietnam,Asia/Ho_Chi_Minh,2026-06-04 18:56:00,2026-06-08 12:54:00,AD-02,US_SHIFT,3,N,N,N,False
L103369,Meta,UK,Europe/London,2026-06-03 12:38:00,2026-06-08 13:56:00,AD-12,US_SHIFT,3,N,N,N,False
L100431,Google,USA,America/New_York,2026-06-03 08:56:00,2026-06-08 20:56:00,AD-01,US_SHIFT,3,N,N,N,False
L100414,Referral,USA,America/New_York,2026-06-07 19:38:00,2026-06-09 03:00:00,AD-08,IST_SHIFT,3,N,N,N,False
L104431,DSA,UK,Europe/London,2026-06-03 11:48:00,2026-06-09 11:06:00,AD-11,SEA_SHIFT,3,N,N,N,False
L102050,Organic,USA,America/New_York,2026-06-05 19:11:00,2026-06-09 18:42:00,AD-10,SEA_SHIFT,3,N,N,N,False
L102003,Google,Saudi Arabia,Asia/Riyadh,2026-06-07 23:02:00,2026-06-09 22:47:00,AD-01,US_SHIFT,3,N,N,N,False
L101305,Meta,UAE,Asia/Dubai,2026-06-07 18:26:00,2026-06-10 11:01:00,AD-04,US_SHIFT,3,N,N,N,False
L102837,Meta,Saudi Arabia,Asia/Riyadh,2026-06-04 18:46:00,2026-06-11 02:35:00,AD-03,US_SHIFT,3,N,N,N,False
L102095,Meta,USA,America/New_York,2026-06-08 04:47:00,2026-06-11 06:12:00,AD-04,US_SHIFT,3,N,N,N,False
L104031,Meta,Australia,Australia/Sydney,2026-06-07 13:58:00,2026-06-11 07:40:00,AD-10,SEA_SHIFT,3,N,N,N,False
L100678,Meta,USA,America/New_York,2026-06-05 13:20:00,2026-06-11 17:47:00,AD-05,IST_SHIFT,3,N,N,N,False
L100477,Google,USA,America/New_York,2026-06-06 15:52:00,2026-06-11 19:25:00,AD-03,US_SHIFT,3,N,N,N,False
L100726,Meta,UK,Europe/London,2026-06-11 05:39:00,2026-06-11 22:53:00,AD-04,US_SHIFT,3,N,N,N,False
L100243,Meta,USA,America/New_York,2026-06-10 23:36:00,2026-06-12 02:31:00,AD-02,US_SHIFT,3,N,N,N,False
L101120,Meta,Saudi Arabia,Asia/Riyadh,2026-06-05 20:16:00,2026-06-12 14:42:00,AD-07,IST_SHIFT,3,N,N,N,False
L103900,Organic,Australia,Australia/Sydney,2026-06-12 05:58:00,2026-06-12 18:34:00,AD-08,IST_SHIFT,3,N,N,N,False
L102151,DSA,USA,America/New_York,2026-06-11 04:46:00,2026-06-14 05:41:00,AD-06,IST_SHIFT,3,N,N,N,False
L103837,Google,Vietnam,Asia/Ho_Chi_Minh,2026-06-14 03:18:00,2026-06-15 05:44:00,AD-09,IST_SHIFT,3,N,N,N,False
L104058,Meta,USA,America/New_York,2026-06-08 15:17:00,2026-06-15 16:27:00,AD-12,US_SHIFT,3,N,N,N,False
L104225,Meta,Australia,Australia/Sydney,2026-06-15 14:31:00,2026-06-16 03:08:00,AD-08,IST_SHIFT,3,N,N,N,False
L102560,Meta,UK,Europe/London,2026-06-10 18:48:00,2026-06-16 13:09:00,AD-02,US_SHIFT,3,N,N,N,False
L100000,Meta,Australia,Australia/Sydney,2026-06-11 02:41:00,2026-06-17 16:28:00,AD-08,IST_SHIFT,3,N,N,N,False
L100982,Meta,India,Asia/Kolkata,2026-06-12 02:40:00,2026-06-17 17:15:00,AD-10,SEA_SHIFT,3,N,N,N,False
L103675,Meta,Australia,Australia/Sydney,2026-06-12 01:38:00,2026-06-17 20:32:00,AD-07,IST_SHIFT,3,N,N,N,False
L104153,Google,Vietnam,Asia/Ho_Chi_Minh,2026-06-12 18:44:00,2026-06-17 23:26:00,AD-09,IST_SHIFT,3,N,N,N,False
L104976,Google,USA,America/New_York,2026-06-12 03:19:00,2026-06-18 15:10:00,AD-05,IST_SHIFT,3,N,N,N,False
L101721,DSA,UK,Europe/London,2026-06-12 21:15:00,2026-06-18 20:55:00,AD-02,US_SHIFT,3,N,N,N,False
L103666,Organic,UAE,Asia/Dubai,2026-06-14 22:04:00,2026-06-18 22:55:00,AD-07,IST_SHIFT,3,N,N,N,False
L101771,Google,UAE,Asia/Dubai,2026-06-18 00:44:00,2026-06-18 23:04:00,AD-05,IST_SHIFT,3,N,N,N,False
L104076,Google,Saudi Arabia,Asia/Riyadh,2026-06-09 03:54:00,2026-06-18 23:31:00,AD-03,US_SHIFT,3,N,N,N,False
L101489,Meta,USA,America/New_York,2026-06-18 23:29:00,2026-06-19 22:43:00,AD-11,SEA_SHIFT,3,N,N,N,False
L104977,Meta,India,Asia/Kolkata,2026-06-14 23:06:00,2026-06-20 09:06:00,AD-11,SEA_SHIFT,3,N,N,N,False
L103741,DSA,Saudi Arabia,Asia/Riyadh,2026-06-19 23:13:00,2026-06-20 13:08:00,AD-06,IST_SHIFT,3,N,N,N,False
L103440,Affiliate,India,Asia/Kolkata,2026-06-16 08:52:00,2026-06-20 17:56:00,AD-10,SEA_SHIFT,3,N,N,N,False
L104096,Google,USA,America/New_York,2026-06-20 06:12:00,2026-06-20 19:25:00,AD-04,US_SHIFT,3,N,N,N,False
L102398,Meta,Saudi Arabia,Asia/Riyadh,2026-06-17 09:46:00,2026-06-20 22:14:00,AD-06,IST_SHIFT,3,N,N,N,False
L103983,Affiliate,Australia,Australia/Sydney,2026-06-21 09:17:00,2026-06-21 11:30:00,AD-02,US_SHIFT,3,N,N,N,False
L103527,Meta,USA,America/New_York,2026-06-21 06:41:00,2026-06-21 20:47:00,AD-07,IST_SHIFT,3,N,N,N,False
L104111,Referral,USA,America/New_York,2026-06-17 14:00:00,2026-06-22 04:40:00,AD-05,IST_SHIFT,3,N,N,N,False
L100947,Meta,Vietnam,Asia/Ho_Chi_Minh,2026-06-21 16:56:00,2026-06-22 09:45:00,AD-07,IST_SHIFT,3,N,N,N,False
L103163,Meta,UAE,Asia/Dubai,2026-06-22 06:16:00,2026-06-22 10:09:00,AD-01,US_SHIFT,3,N,N,N,False
L103640,Meta,UK,Europe/London,2026-06-19 11:43:00,2026-06-22 13:43:00,AD-11,SEA_SHIFT,3,N,N,N,False
L100965,Google,Vietnam,Asia/Ho_Chi_Minh,2026-06-14 02:54:00,2026-06-22 21:16:00,AD-09,IST_SHIFT,3,N,N,N,False
L102834,Referral,India,Asia/Kolkata,2026-06-19 16:50:00,2026-06-23 08:23:00,AD-02,US_SHIFT,3,N,N,N,False
L103040,Meta,USA,America/New_York,2026-06-19 14:28:00,2026-06-23 13:54:00,AD-02,US_SHIFT,3,N,N,N,False
L100618,Google,USA,America/New_York,2026-06-19 09:03:00,2026-06-23 14:16:00,AD-11,SEA_SHIFT,3,N,N,N,False
L102898,Meta,Vietnam,Asia/Ho_Chi_Minh,2026-06-18 19:00:00,2026-06-24 01:39:00,AD-01,US_SHIFT,3,N,N,N,False
L100009,Affiliate,UAE,Asia/Dubai,2026-06-21 09:41:00,2026-06-24 03:02:00,AD-02,US_SHIFT,3,N,N,N,False
L103515,Organic,UAE,Asia/Dubai,2026-06-24 03:20:00,2026-06-24 06:07:00,AD-07,IST_SHIFT,3,N,N,N,False
L102317,Google,India,Asia/Kolkata,2026-06-17 09:07:00,2026-06-24 06:32:00,AD-04,US_SHIFT,3,N,N,N,False
L103461,Google,USA,America/New_York,2026-06-24 05:58:00,2026-06-24 10:45:00,AD-10,SEA_SHIFT,3,N,N,N,False
L102758,Google,Vietnam,Asia/Ho_Chi_Minh,2026-06-23 05:18:00,2026-06-24 14:17:00,AD-01,US_SHIFT,3,N,N,N,False
L104577,Affiliate,Vietnam,Asia/Ho_Chi_Minh,2026-06-20 11:04:00,2026-06-25 00:27:00,AD-03,US_SHIFT,3,N,N,N,False
L101464,Organic,Vietnam,Asia/Ho_Chi_Minh,2026-06-19 12:06:00,2026-06-26 00:38:00,AD-02,US_SHIFT,3,N,N,N,False
L104893,Meta,USA,America/New_York,2026-06-25 11:09:00,2026-06-26 05:28:00,AD-03,US_SHIFT,3,N,N,N,False
L104207,Meta,India,Asia/Kolkata,2026-06-26 16:42:00,2026-06-26 20:54:00,AD-01,US_SHIFT,3,N,N,N,False
L104978,Google,UAE,Asia/Dubai,2026-06-26 19:42:00,2026-06-27 02:03:00,AD-03,US_SHIFT,3,N,N,N,False
L104114,Meta,India,Asia/Kolkata,2026-06-23 19:36:00,2026-06-27 04:36:00,AD-03,US_SHIFT,3,N,N,N,False
L101490,Affiliate,UAE,Asia/Dubai,2026-06-26 05:13:00,2026-06-27 11:47:00,AD-01,US_SHIFT,3,N,N,N,False
L102033,Google,USA,America/New_York,2026-06-22 14:25:00,2026-06-27 12:53:00,AD-01,US_SHIFT,3,N,N,N,False
L104633,Google,Saudi Arabia,Asia/Riyadh,2026-06-24 02:52:00,2026-06-27 14:03:00,AD-09,IST_SHIFT,3,N,N,N,False
L100452,Affiliate,USA,America/New_York,2026-06-25 04:58:00,2026-06-28 02:37:00,AD-01,US_SHIFT,3,N,N,N,False
L101817,Referral,Vietnam,Asia/Ho_Chi_Minh,2026-06-26 03:17:00,2026-06-28 14:49:00,AD-01,US_SHIFT,3,N,N,N,False
L101144,Meta,Vietnam,Asia/Ho_Chi_Minh,2026-06-27 20:29:00,2026-06-28 16:21:00,AD-03,US_SHIFT,3,N,N,N,False
L102574,Meta,Saudi Arabia,Asia/Riyadh,2026-06-25 06:57:00,2026-06-28 17:32:00,AD-02,US_SHIFT,3,N,N,N,False
L100410,Meta,Vietnam,Asia/Ho_Chi_Minh,2026-06-24 16:36:00,2026-06-28 23:43:00,AD-02,US_SHIFT,3,N,N,N,False
L104505,Google,UK,Europe/London,2026-06-22 12:05:00,2026-06-29 01:11:00,AD-11,SEA_SHIFT,3,N,N,N,False
L100719,Meta,Saudi Arabia,Asia/Riyadh,2026-06-26 01:26:00,2026-06-30 05:00:00,AD-06,IST_SHIFT,3,N,N,N,False
L102305,Referral,Vietnam,Asia/Ho_Chi_Minh,2026-06-24 04:56:00,2026-06-30 14:05:00,AD-05,IST_SHIFT,3,N,N,N,False
L102710,Organic,USA,America/New_York,2026-06-21 05:36:00,2026-07-01 02:11:00,AD-09,IST_SHIFT,3,N,N,N,False
L103250,Affiliate,Saudi Arabia,Asia/Riyadh,2026-06-23 14:47:00,2026-07-01 03:00:00,AD-01,US_SHIFT,3,N,N,N,False
L102168,Referral,USA,America/New_York,2026-06-27 13:49:00,2026-07-01 14:45:00,AD-03,US_SHIFT,3,N,N,N,False
L101761,DSA,USA,America/New_York,2026-06-23 17:20:00,2026-07-02 17:52:00,AD-12,US_SHIFT,3,N,N,N,False
L103957,Meta,Vietnam,Asia/Ho_Chi_Minh,2026-06-30 09:35:00,2026-07-03 17:18:00,AD-11,SEA_SHIFT,3,N,N,N,False
L104598,Referral,UAE,Asia/Dubai,2026-07-01 11:34:00,2026-07-04 06:22:00,AD-05,IST_SHIFT,3,N,N,N,False
L100614,Meta,Saudi Arabia,Asia/Riyadh,2026-07-04 10:03:00,2026-07-04 19:43:00,AD-02,US_SHIFT,3,N,N,N,False
L102684,Meta,USA,America/New_York,2026-07-03 16:10:00,2026-07-04 22:19:00,AD-01,US_SHIFT,3,N,N,N,False
L103656,Google,India,Asia/Kolkata,2026-07-04 14:47:00,2026-07-05 02:14:00,AD-03,US_SHIFT,3,N,N,N,False
L102276,Google,India,Asia/Kolkata,2026-07-02 11:28:00,2026-07-05 07:12:00,AD-10,SEA_SHIFT,3,N,N,N,False
L103738,Organic,USA,America/New_York,2026-06-29 10:27:00,2026-07-05 11:45:00,AD-03,US_SHIFT,3,N,N,N,False
L101474,Affiliate,USA,America/New_York,2026-07-05 06:11:00,2026-07-06 02:41:00,AD-09,IST_SHIFT,3,N,N,N,False
L100398,Google,UAE,Asia/Dubai,2026-07-02 03:13:00,2026-07-06 03:15:00,AD-01,US_SHIFT,3,N,N,N,False
L104699,Organic,USA,America/New_York,2026-07-05 14:42:00,2026-07-06 06:29:00,AD-05,IST_SHIFT,3,N,N,N,False
L104539,Meta,USA,America/New_York,2026-07-01 07:37:00,2026-07-06 09:08:00,AD-04,US_SHIFT,3,N,N,N,False
L101608,DSA,Australia,Australia/Sydney,2026-07-06 04:05:00,2026-07-06 11:41:00,AD-01,US_SHIFT,3,N,N,N,False
L104142,Referral,Vietnam,Asia/Ho_Chi_Minh,2026-07-01 16:43:00,2026-07-06 16:32:00,AD-08,IST_SHIFT,3,N,N,N,False
L101983,Google,Saudi Arabia,Asia/Riyadh,2026-06-28 04:34:00,2026-07-06 18:09:00,AD-10,SEA_SHIFT,3,N,N,N,False
L102767,Meta,USA,America/New_York,2026-07-01 00:16:00,2026-07-06 18:15:00,AD-05,IST_SHIFT,3,N,N,N,False
L104535,Google,USA,America/New_York,2026-07-06 22:34:00,2026-07-07 03:12:00,AD-09,IST_SHIFT,3,N,N,N,False
L104060,DSA,USA,America/New_York,2026-07-06 18:43:00,2026-07-07 05:02:00,AD-04,US_SHIFT,3,N,N,N,False
L104687,Meta,Singapore,Asia/Singapore,2026-07-06 20:12:00,2026-07-07 05:46:00,AD-05,IST_SHIFT,3,N,N,N,False
L102087,Meta,Saudi Arabia,Asia/Riyadh,2026-07-04 09:02:00,2026-07-07 05:49:00,AD-12,US_SHIFT,3,N,N,N,False
L101852,Google,USA,America/New_York,2026-07-06 07:34:00,2026-07-07 11:05:00,AD-11,SEA_SHIFT,3,N,N,N,False
L104404,DSA,Vietnam,Asia/Ho_Chi_Minh,2026-07-06 22:44:00,2026-07-07 14:43:00,AD-02,US_SHIFT,3,N,N,N,False
L103930,Affiliate,USA,America/New_York,2026-07-04 07:03:00,2026-07-07 18:20:00,AD-04,US_SHIFT,3,N,N,N,False
L104972,Meta,UK,Europe/London,2026-07-07 07:25:00,2026-07-07 20:01:00,AD-04,US_SHIFT,3,N,N,N,False
L104243,DSA,USA,America/New_York,2026-07-05 03:13:00,2026-07-07 23:33:00,AD-05,IST_SHIFT,3,N,N,N,False
L102600,Referral,Saudi Arabia,Asia/Riyadh,2026-07-04 02:32:00,2026-07-08 00:51:00,AD-03,US_SHIFT,3,N,N,N,False
L103808,Meta,UK,Europe/London,2026-07-01 09:06:00,2026-07-08 04:28:00,AD-03,US_SHIFT,3,N,N,N,False
L104778,Meta,UAE,Asia/Dubai,2026-07-05 23:13:00,2026-07-08 18:03:00,AD-07,IST_SHIFT,3,N,N,N,False
L100485,Meta,Australia,Australia/Sydney,2026-07-02 22:52:00,2026-07-09 03:31:00,AD-11,SEA_SHIFT,3,N,N,N,False
L104446,Google,USA,America/New_York,2026-07-08 17:30:00,2026-07-09 18:16:00,AD-11,SEA_SHIFT,3,N,N,N,False
L102085,Google,India,Asia/Kolkata,2026-07-05 17:09:00,2026-07-09 19:42:00,AD-11,SEA_SHIFT,3,N,N,N,False
L104468,Google,USA,America/New_York,2026-07-08 10:47:00,2026-07-10 11:43:00,AD-07,IST_SHIFT,3,N,N,N,False
L103478,Affiliate,Saudi Arabia,Asia/Riyadh,2026-07-05 21:29:00,2026-07-10 12:23:00,AD-01,US_SHIFT,3,N,N,N,False
L102785,Google,India,Asia/Kolkata,2026-07-07 08:29:00,2026-07-10 15:32:00,AD-12,US_SHIFT,3,N,N,N,False
L101336,DSA,India,Asia/Kolkata,2026-07-04 15:36:00,2026-07-10 16:41:00,AD-11,SEA_SHIFT,3,N,N,N,False
L103898,Organic,Australia,Australia/Sydney,2026-07-10 06:38:00,2026-07-10 18:51:00,AD-02,US_SHIFT,3,N,N,N,False
L103349,Meta,UK,Europe/London,2026-07-07 08:09:00,2026-07-11 04:31:00,AD-07,IST_SHIFT,3,N,N,N,False
L102529,Organic,UAE,Asia/Dubai,2026-07-06 21:36:00,2026-07-11 16:25:00,AD-06,IST_SHIFT,3,N,N,N,False
L103746,Google,USA,America/New_York,2026-07-05 14:31:00,2026-07-13 07:25:00,AD-05,IST_SHIFT,3,N,N,N,False
L101732,Organic,India,Asia/Kolkata,2026-07-08 21:44:00,2026-07-13 14:31:00,AD-06,IST_SHIFT,3,N,N,N,False
L101666,Meta,UAE,Asia/Dubai,2026-07-12 22:31:00,2026-07-13 21:34:00,AD-04,US_SHIFT,3,N,N,N,False
L104388,Google,USA,America/New_York,2026-07-11 18:00:00,2026-07-14 11:06:00,AD-10,SEA_SHIFT,3,N,N,N,False
L102589,Meta,Australia,Australia/Sydney,2026-07-07 02:25:00,2026-07-14 14:53:00,AD-05,IST_SHIFT,3,N,N,N,False
L101295,Meta,USA,America/New_York,2026-07-11 08:22:00,2026-07-15 22:18:00,AD-03,US_SHIFT,3,N,N,N,False
L101218,Affiliate,UK,Europe/London,2026-07-15 11:25:00,2026-07-15 23:38:00,AD-10,SEA_SHIFT,3,N,N,N,False
L103299,DSA,Vietnam,Asia/Ho_Chi_Minh,2026-07-15 09:49:00,2026-07-16 07:12:00,AD-03,US_SHIFT,3,N,N,N,False
L102484,Organic,UK,Europe/London,2026-07-11 10:45:00,2026-07-16 09:35:00,AD-10,SEA_SHIFT,3,N,N,N,False
L101037,DSA,UK,Europe/London,2026-07-12 14:59:00,2026-07-16 13:31:00,AD-06,IST_SHIFT,3,N,N,N,False
L102968,Google,Vietnam,Asia/Ho_Chi_Minh,2026-07-16 01:02:00,2026-07-16 20:41:00,AD-06,IST_SHIFT,3,N,N,N,False
L101212,DSA,Vietnam,Asia/Ho_Chi_Minh,2026-07-18 11:16:00,2026-07-18 12:16:00,AD-10,SEA_SHIFT,3,N,N,N,False
L102407,DSA,USA,America/New_York,2026-07-18 00:41:00,2026-07-18 12:48:00,AD-06,IST_SHIFT,3,N,N,N,False
L101022,Meta,Australia,Australia/Sydney,2026-07-14 10:38:00,2026-07-18 13:03:00,AD-01,US_SHIFT,3,N,N,N,False
L103682,Meta,UK,Europe/London,2026-07-12 13:09:00,2026-07-18 13:50:00,AD-05,IST_SHIFT,3,N,N,N,False
L103803,Google,India,Asia/Kolkata,2026-07-14 12:33:00,2026-07-18 14:55:00,AD-07,IST_SHIFT,3,N,N,N,False
L101719,Affiliate,UK,Europe/London,2026-07-16 05:04:00,2026-07-18 17:05:00,AD-10,SEA_SHIFT,3,N,N,N,False
L100139,Meta,Vietnam,Asia/Ho_Chi_Minh,2026-07-18 05:26:00,2026-07-18 19:46:00,AD-04,US_SHIFT,3,N,N,N,False
L102482,Referral,Vietnam,Asia/Ho_Chi_Minh,2026-07-19 15:27:00,2026-07-20 02:18:00,AD-01,US_SHIFT,3,N,N,N,False
L103267,Google,USA,America/New_York,2026-07-14 14:38:00,2026-07-20 02:22:00,AD-09,IST_SHIFT,3,N,N,N,False
L100781,Meta,India,Asia/Kolkata,2026-07-14 12:42:00,2026-07-20 14:22:00,AD-03,US_SHIFT,3,N,N,N,False
L102805,DSA,UAE,Asia/Dubai,2026-07-15 15:15:00,2026-07-20 17:24:00,AD-04,US_SHIFT,3,N,N,N,False
L104295,Organic,USA,America/New_York,2026-07-15 13:17:00,2026-07-21 02:50:00,AD-12,US_SHIFT,3,N,N,N,False
L102432,Organic,USA,America/New_York,2026-07-17 10:03:00,2026-07-21 05:30:00,AD-05,IST_SHIFT,3,N,N,N,False
L102802,Meta,USA,America/New_York,2026-07-15 23:38:00,2026-07-21 07:23:00,AD-07,IST_SHIFT,3,N,N,N,False
L103482,Meta,India,Asia/Kolkata,2026-07-19 15:59:00,2026-07-21 12:01:00,AD-09,IST_SHIFT,3,N,N,N,False
L100687,Google,Saudi Arabia,Asia/Riyadh,2026-07-17 22:06:00,2026-07-21 21:01:00,AD-10,SEA_SHIFT,3,N,N,N,False
L103415,Google,Saudi Arabia,Asia/Riyadh,2026-07-22 07:47:00,2026-07-22 13:56:00,AD-11,SEA_SHIFT,3,N,N,N,False
L101125,Affiliate,India,Asia/Kolkata,2026-07-21 23:07:00,2026-07-22 16:03:00,AD-01,US_SHIFT,3,N,N,N,False
L101208,Organic,Vietnam,Asia/Ho_Chi_Minh,2026-07-21 10:37:00,2026-07-22 17:16:00,AD-07,IST_SHIFT,3,N,N,N,False
L104148,Meta,Vietnam,Asia/Ho_Chi_Minh,2026-07-20 09:29:00,2026-07-23 09:04:00,AD-09,IST_SHIFT,3,N,N,N,False
L102645,Meta,Saudi Arabia,Asia/Riyadh,2026-07-23 16:24:00,2026-07-23 23:14:00,AD-02,US_SHIFT,3,N,N,N,False
L100701,Google,USA,America/New_York,2026-07-18 06:03:00,2026-07-24 12:42:00,AD-09,IST_SHIFT,3,N,N,N,False
L104264,Meta,Vietnam,Asia/Ho_Chi_Minh,2026-07-18 10:01:00,2026-07-24 19:44:00,AD-07,IST_SHIFT,3,N,N,N,False
L103390,Google,India,Asia/Kolkata,2026-07-21 01:35:00,2026-07-24 20:13:00,AD-08,IST_SHIFT,3,N,N,N,False
L104198,Meta,Vietnam,Asia/Ho_Chi_Minh,2026-07-24 17:36:00,2026-07-25 06:34:00,AD-12,US_SHIFT,3,N,N,N,False
L100313,Meta,India,Asia/Kolkata,2026-07-26 12:40:00,2026-07-27 01:01:00,AD-11,SEA_SHIFT,3,N,N,N,False
L102261,Meta,Australia,Australia/Sydney,2026-07-24 06:36:00,2026-07-27 04:06:00,AD-12,US_SHIFT,3,N,N,N,False
L101087,DSA,Saudi Arabia,Asia/Riyadh,2026-07-25 20:19:00,2026-07-27 13:22:00,AD-02,US_SHIFT,3,N,N,N,False
L103836,Meta,USA,America/New_York,2026-07-23 20:03:00,2026-07-28 10:21:00,AD-04,US_SHIFT,3,N,N,N,False
L101429,Meta,Australia,Australia/Sydney,2026-07-25 01:01:00,2026-07-28 11:35:00,AD-06,IST_SHIFT,3,N,N,N,False
L103642,Referral,Vietnam,Asia/Ho_Chi_Minh,2026-07-25 01:50:00,2026-07-28 20:04:00,AD-12,US_SHIFT,3,N,N,N,False
L101621,Google,USA,America/New_York,2026-07-21 18:05:00,2026-07-29 03:43:00,AD-09,IST_SHIFT,3,N,N,N,False
L101679,Organic,Saudi Arabia,Asia/Riyadh,2026-07-22 14:08:00,2026-07-29 05:53:00,AD-05,IST_SHIFT,3,N,N,N,False
L101089,DSA,USA,America/New_York,2026-07-29 04:25:00,2026-07-29 20:47:00,AD-05,IST_SHIFT,3,N,N,N,False
L104901,Organic,Vietnam,Asia/Ho_Chi_Minh,2026-07-26 07:43:00,2026-07-29 22:41:00,AD-04,US_SHIFT,3,N,N,N,False
L104202,Affiliate,Saudi Arabia,Asia/Riyadh,2026-07-26 00:15:00,2026-07-30 07:32:00,AD-04,US_SHIFT,3,N,N,N,False
L104544,Organic,USA,America/New_York,2026-07-27 20:19:00,2026-07-30 17:48:00,AD-01,US_SHIFT,3,N,N,N,False
L102068,Meta,Vietnam,Asia/Ho_Chi_Minh,2026-07-30 02:23:00,2026-07-30 21:23:00,AD-07,IST_SHIFT,3,N,N,N,False
L101973,Meta,India,Asia/Kolkata,2026-07-31 06:29:00,2026-07-31 07:29:00,AD-06,IST_SHIFT,3,N,N,N,False
L102437,Google,USA,America/New_York,2026-07-28 16:20:00,2026-08-01 02:34:00,AD-03,US_SHIFT,3,N,N,N,False
L102984,Organic,India,Asia/Kolkata,2026-07-29 00:50:00,2026-08-01 04:22:00,AD-01,US_SHIFT,3,N,N,N,False
L104973,Google,USA,America/New_York,2026-07-29 00:38:00,2026-08-03 01:33:00,AD-01,US_SHIFT,3,N,N,N,False
L104962,Organic,USA,America/New_York,2026-07-31 08:24:00,2026-08-03 08:54:00,AD-05,IST_SHIFT,3,N,N,N,False
L101062,Organic,Australia,Australia/Sydney,2026-07-29 14:58:00,2026-08-03 19:56:00,AD-09,IST_SHIFT,3,N,N,N,False
L100149,Google,India,Asia/Kolkata,2026-07-29 04:05:00,2026-08-03 21:22:00,AD-02,US_SHIFT,3,N,N,N,False
L101823,Meta,Vietnam,Asia/Ho_Chi_Minh,2026-07-25 13:53:00,2026-08-04 16:21:00,AD-10,SEA_SHIFT,3,N,N,N,False
L100479,Affiliate,USA,America/New_York,2026-07-28 00:38:00,2026-08-04 20:47:00,AD-12,US_SHIFT,3,N,N,N,False
L102667,Meta,Australia,Australia/Sydney,2026-07-31 20:38:00,2026-08-04 22:06:00,AD-09,IST_SHIFT,3,N,N,N,False
L101909,Meta,Vietnam,Asia/Ho_Chi_Minh,2026-07-31 20:10:00,2026-08-08 13:21:00,AD-02,US_SHIFT,3,N,N,N,False
L101949,Meta,UK,Europe/London,2026-07-29 14:22:00,2026-08-10 19:23:00,AD-09,IST_SHIFT,3,N,N,N,False
L104984,Meta,Vietnam,Asia/Ho_Chi_Minh,2026-06-01 01:12:00,2026-06-03 20:04:00,AD-05,IST_SHIFT,4,N,N,N,False
L101808,Meta,Vietnam,Asia/Ho_Chi_Minh,2026-06-06 06:32:00,2026-06-06 15:40:00,AD-04,US_SHIFT,4,N,N,N,False
L100235,Meta,UAE,Asia/Dubai,2026-06-01 20:21:00,2026-06-06 17:14:00,AD-06,IST_SHIFT,4,N,N,N,False
L102775,Organic,USA,America/New_York,2026-06-06 13:04:00,2026-06-06 17:32:00,AD-06,IST_SHIFT,4,N,N,N,False
L103815,Meta,India,Asia/Kolkata,2026-06-03 02:24:00,2026-06-07 00:26:00,AD-09,IST_SHIFT,4,N,N,N,False
L101023,Google,USA,America/New_York,2026-06-04 08:58:00,2026-06-07 01:43:00,AD-06,IST_SHIFT,4,N,N,N,False
L104078,Organic,USA,America/New_York,2026-06-02 03:51:00,2026-06-07 15:59:00,AD-01,US_SHIFT,4,N,N,N,False
L100089,Organic,Vietnam,Asia/Ho_Chi_Minh,2026-06-07 17:44:00,2026-06-08 07:57:00,AD-03,US_SHIFT,4,N,N,N,False
L102652,Meta,USA,America/New_York,2026-06-04 17:41:00,2026-06-09 01:03:00,AD-04,US_SHIFT,4,N,N,N,False
L101742,Google,UAE,Asia/Dubai,2026-06-02 09:03:00,2026-06-09 13:16:00,AD-11,SEA_SHIFT,4,N,N,N,False
L100636,Google,USA,America/New_York,2026-06-07 22:58:00,2026-06-09 15:35:00,AD-10,SEA_SHIFT,4,N,N,N,False
L104343,Google,UK,Europe/London,2026-06-04 20:21:00,2026-06-10 04:09:00,AD-12,US_SHIFT,4,N,N,N,False
L104246,Google,Vietnam,Asia/Ho_Chi_Minh,2026-06-07 03:23:00,2026-06-10 17:49:00,AD-07,IST_SHIFT,4,N,N,N,False
L104540,Meta,USA,America/New_York,2026-06-10 02:57:00,2026-06-11 02:19:00,AD-05,IST_SHIFT,4,N,N,N,False
L103991,Google,USA,America/New_York,2026-06-09 01:36:00,2026-06-11 07:56:00,AD-02,US_SHIFT,4,N,N,N,False
L103056,Google,Australia,Australia/Sydney,2026-06-06 17:54:00,2026-06-11 12:35:00,AD-02,US_SHIFT,4,N,N,N,False
L100324,Meta,Vietnam,Asia/Ho_Chi_Minh,2026-06-05 19:35:00,2026-06-11 23:50:00,AD-11,SEA_SHIFT,4,N,N,N,False
L101682,Meta,Vietnam,Asia/Ho_Chi_Minh,2026-06-10 06:45:00,2026-06-12 07:26:00,AD-05,IST_SHIFT,4,N,N,N,False
L103912,Meta,Australia,Australia/Sydney,2026-06-07 12:27:00,2026-06-12 20:47:00,AD-03,US_SHIFT,4,N,N,N,False
L100653,Google,Vietnam,Asia/Ho_Chi_Minh,2026-06-06 19:46:00,2026-06-13 02:02:00,AD-04,US_SHIFT,4,N,N,N,False
L100772,Affiliate,USA,America/New_York,2026-06-07 20:28:00,2026-06-13 06:01:00,AD-10,SEA_SHIFT,4,N,N,N,False
L102858,Meta,USA,America/New_York,2026-06-13 00:20:00,2026-06-13 06:47:00,AD-06,IST_SHIFT,4,N,N,N,False
L103935,Affiliate,India,Asia/Kolkata,2026-06-10 19:04:00,2026-06-13 07:19:00,AD-09,IST_SHIFT,4,N,N,N,False
L102076,Organic,USA,America/New_York,2026-06-09 18:21:00,2026-06-14 05:25:00,AD-11,SEA_SHIFT,4,N,N,N,False
L100106,Affiliate,India,Asia/Kolkata,2026-06-10 07:38:00,2026-06-14 15:54:00,AD-01,US_SHIFT,4,N,N,N,False
L101833,Meta,UK,Europe/London,2026-06-11 18:05:00,2026-06-15 22:54:00,AD-09,IST_SHIFT,4,N,N,N,False
L101845,Meta,India,Asia/Kolkata,2026-06-10 06:39:00,2026-06-15 23:57:00,AD-10,SEA_SHIFT,4,N,N,N,False
L103678,Meta,USA,America/New_York,2026-06-09 01:26:00,2026-06-16 03:56:00,AD-09,IST_SHIFT,4,N,N,N,False
L103099,Affiliate,Vietnam,Asia/Ho_Chi_Minh,2026-06-09 23:42:00,2026-06-16 05:11:00,AD-02,US_SHIFT,4,N,N,N,False
L104112,Google,India,Asia/Kolkata,2026-06-12 14:29:00,2026-06-16 08:53:00,AD-01,US_SHIFT,4,N,N,N,False
L100454,Meta,Vietnam,Asia/Ho_Chi_Minh,2026-06-12 16:03:00,2026-06-17 03:54:00,AD-01,US_SHIFT,4,N,N,N,False
L104567,Referral,UK,Europe/London,2026-06-17 16:39:00,2026-06-17 23:50:00,AD-10,SEA_SHIFT,4,N,N,N,False
L103029,Affiliate,USA,America/New_York,2026-06-13 07:20:00,2026-06-18 03:34:00,AD-06,IST_SHIFT,4,N,N,N,False
L100621,Meta,Singapore,Asia/Singapore,2026-06-13 04:36:00,2026-06-18 07:55:00,AD-11,SEA_SHIFT,4,N,N,N,False
L104361,Google,USA,America/New_York,2026-06-18 06:46:00,2026-06-18 08:49:00,AD-12,US_SHIFT,4,N,N,N,False
L103403,Google,Singapore,Asia/Singapore,2026-06-13 01:58:00,2026-06-18 12:59:00,AD-06,IST_SHIFT,4,N,N,N,False
L100557,DSA,USA,America/New_York,2026-06-15 01:25:00,2026-06-19 17:29:00,AD-02,US_SHIFT,4,N,N,N,False
L104008,Organic,Vietnam,Asia/Ho_Chi_Minh,2026-06-14 15:12:00,2026-06-20 07:56:00,AD-02,US_SHIFT,4,N,N,N,False
L102926,DSA,USA,America/New_York,2026-06-15 16:31:00,2026-06-20 19:47:00,AD-05,IST_SHIFT,4,N,N,N,False
L104834,Google,India,Asia/Kolkata,2026-06-14 22:16:00,2026-06-21 18:16:00,AD-06,IST_SHIFT,4,N,N,N,False
L100814,DSA,USA,America/New_York,2026-06-21 19:35:00,2026-06-22 01:22:00,AD-09,IST_SHIFT,4,N,N,N,False
L104323,DSA,Vietnam,Asia/Ho_Chi_Minh,2026-06-20 13:44:00,2026-06-22 12:22:00,AD-10,SEA_SHIFT,4,N,N,N,False
L100293,Meta,Singapore,Asia/Singapore,2026-06-17 02:56:00,2026-06-23 07:43:00,AD-11,SEA_SHIFT,4,N,N,N,False
L103230,Meta,UK,Europe/London,2026-06-19 20:39:00,2026-06-23 11:31:00,AD-06,IST_SHIFT,4,N,N,N,False
L100750,Organic,USA,America/New_York,2026-06-17 05:36:00,2026-06-23 20:18:00,AD-04,US_SHIFT,4,N,N,N,False
L104442,Organic,USA,America/New_York,2026-06-21 04:06:00,2026-06-24 14:04:00,AD-07,IST_SHIFT,4,N,N,N,False
L104722,Google,UK,Europe/London,2026-06-24 07:59:00,2026-06-25 06:11:00,AD-08,IST_SHIFT,4,N,N,N,False
L100142,Affiliate,UAE,Asia/Dubai,2026-06-23 12:52:00,2026-06-26 10:35:00,AD-12,US_SHIFT,4,N,N,N,False
L102481,Google,India,Asia/Kolkata,2026-06-21 14:17:00,2026-06-26 22:46:00,AD-03,US_SHIFT,4,N,N,N,False
L102764,Referral,UAE,Asia/Dubai,2026-06-24 04:39:00,2026-06-26 23:45:00,AD-08,IST_SHIFT,4,N,N,N,False
L100609,Organic,UK,Europe/London,2026-06-19 02:55:00,2026-06-27 04:01:00,AD-02,US_SHIFT,4,N,N,N,False
L102072,DSA,USA,America/New_York,2026-06-24 04:10:00,2026-06-28 02:06:00,AD-06,IST_SHIFT,4,N,N,N,False
L100912,Meta,USA,America/New_York,2026-06-23 07:03:00,2026-06-28 14:27:00,AD-10,SEA_SHIFT,4,N,N,N,False
L103426,Affiliate,Vietnam,Asia/Ho_Chi_Minh,2026-06-29 06:38:00,2026-06-29 18:17:00,AD-05,IST_SHIFT,4,N,N,N,False
L101232,DSA,India,Asia/Kolkata,2026-06-26 11:53:00,2026-06-30 07:25:00,AD-07,IST_SHIFT,4,N,N,N,False
L103295,Meta,Australia,Australia/Sydney,2026-06-26 01:20:00,2026-06-30 13:35:00,AD-01,US_SHIFT,4,N,N,N,False
L100902,Meta,Vietnam,Asia/Ho_Chi_Minh,2026-06-26 08:06:00,2026-06-30 15:20:00,AD-01,US_SHIFT,4,N,N,N,False
L100673,Meta,UAE,Asia/Dubai,2026-06-26 03:03:00,2026-06-30 16:47:00,AD-06,IST_SHIFT,4,N,N,N,False
L101417,Meta,Singapore,Asia/Singapore,2026-07-01 03:00:00,2026-07-01 09:10:00,AD-05,IST_SHIFT,4,N,N,N,False
L100444,Referral,Vietnam,Asia/Ho_Chi_Minh,2026-06-23 04:07:00,2026-07-01 09:11:00,AD-05,IST_SHIFT,4,N,N,N,False
L103406,Referral,USA,America/New_York,2026-06-28 01:59:00,2026-07-01 10:56:00,AD-02,US_SHIFT,4,N,N,N,False
L104444,Referral,USA,America/New_York,2026-06-25 19:42:00,2026-07-01 18:29:00,AD-02,US_SHIFT,4,N,N,N,False
L102921,Meta,Saudi Arabia,Asia/Riyadh,2026-06-28 03:24:00,2026-07-02 03:50:00,AD-03,US_SHIFT,4,N,N,N,False
L104296,Meta,India,Asia/Kolkata,2026-06-29 15:38:00,2026-07-02 11:54:00,AD-10,SEA_SHIFT,4,N,N,N,False
L101981,Meta,USA,America/New_York,2026-07-02 06:31:00,2026-07-02 16:13:00,AD-09,IST_SHIFT,4,N,N,N,False
L104266,Meta,USA,America/New_York,2026-07-01 03:49:00,2026-07-04 07:08:00,AD-03,US_SHIFT,4,N,N,N,False
L103168,Meta,Vietnam,Asia/Ho_Chi_Minh,2026-07-02 05:43:00,2026-07-04 21:33:00,AD-07,IST_SHIFT,4,N,N,N,False
L100830,Meta,India,Asia/Kolkata,2026-06-30 12:18:00,2026-07-05 10:34:00,AD-07,IST_SHIFT,4,N,N,N,False
L104357,Meta,Vietnam,Asia/Ho_Chi_Minh,2026-07-04 22:35:00,2026-07-05 13:57:00,AD-01,US_SHIFT,4,N,N,N,False
L102585,Meta,USA,America/New_York,2026-06-30 02:59:00,2026-07-05 17:27:00,AD-02,US_SHIFT,4,N,N,N,False
L103728,Google,Australia,Australia/Sydney,2026-06-30 19:09:00,2026-07-06 01:31:00,AD-05,IST_SHIFT,4,N,N,N,False
L101134,Meta,Vietnam,Asia/Ho_Chi_Minh,2026-07-04 05:15:00,2026-07-07 07:51:00,AD-05,IST_SHIFT,4,N,N,N,False
L100702,Google,Vietnam,Asia/Ho_Chi_Minh,2026-07-03 05:40:00,2026-07-07 10:05:00,AD-02,US_SHIFT,4,N,N,N,False
L101275,Meta,USA,America/New_York,2026-07-08 14:13:00,2026-07-08 21:42:00,AD-08,IST_SHIFT,4,N,N,N,False
L100109,Organic,UK,Europe/London,2026-07-03 04:41:00,2026-07-08 23:28:00,AD-07,IST_SHIFT,4,N,N,N,False
L102518,Google,India,Asia/Kolkata,2026-07-04 14:52:00,2026-07-09 04:01:00,AD-11,SEA_SHIFT,4,N,N,N,False
L101164,Meta,USA,America/New_York,2026-07-09 18:41:00,2026-07-09 23:56:00,AD-08,IST_SHIFT,4,N,N,N,False
L102464,Organic,Singapore,Asia/Singapore,2026-07-04 05:08:00,2026-07-10 05:56:00,AD-12,US_SHIFT,4,N,N,N,False
L103924,Meta,USA,America/New_York,2026-07-05 22:25:00,2026-07-10 06:03:00,AD-06,IST_SHIFT,4,N,N,N,False
L102307,Google,Vietnam,Asia/Ho_Chi_Minh,2026-07-04 16:51:00,2026-07-11 05:59:00,AD-10,SEA_SHIFT,4,N,N,N,False
L102644,Google,Singapore,Asia/Singapore,2026-07-09 03:07:00,2026-07-11 08:22:00,AD-03,US_SHIFT,4,N,N,N,False
L101124,Meta,USA,America/New_York,2026-07-06 12:39:00,2026-07-11 17:03:00,AD-05,IST_SHIFT,4,N,N,N,False
L104988,Organic,USA,America/New_York,2026-07-07 16:25:00,2026-07-11 18:40:00,AD-10,SEA_SHIFT,4,N,N,N,False
L102113,Meta,Australia,Australia/Sydney,2026-07-14 07:36:00,2026-07-14 08:59:00,AD-11,SEA_SHIFT,4,N,N,N,False
L102161,Meta,Vietnam,Asia/Ho_Chi_Minh,2026-07-13 08:33:00,2026-07-14 15:50:00,AD-08,IST_SHIFT,4,N,N,N,False
L101740,Organic,Saudi Arabia,Asia/Riyadh,2026-07-08 16:32:00,2026-07-14 19:34:00,AD-01,US_SHIFT,4,N,N,N,False
L104581,Google,USA,America/New_York,2026-07-11 23:58:00,2026-07-14 23:05:00,AD-02,US_SHIFT,4,N,N,N,False
L103439,Affiliate,UK,Europe/London,2026-07-11 05:06:00,2026-07-15 07:13:00,AD-05,IST_SHIFT,4,N,N,N,False
L100312,Meta,Australia,Australia/Sydney,2026-07-12 06:03:00,2026-07-16 12:50:00,AD-08,IST_SHIFT,4,N,N,N,False
L101067,Google,Vietnam,Asia/Ho_Chi_Minh,2026-07-16 00:55:00,2026-07-17 04:51:00,AD-02,US_SHIFT,4,N,N,N,False
L101015,DSA,Vietnam,Asia/Ho_Chi_Minh,2026-07-16 06:12:00,2026-07-17 17:23:00,AD-12,US_SHIFT,4,N,N,N,False
L104871,DSA,India,Asia/Kolkata,2026-07-13 18:46:00,2026-07-17 18:51:00,AD-07,IST_SHIFT,4,N,N,N,False
L102219,Google,Vietnam,Asia/Ho_Chi_Minh,2026-07-17 09:48:00,2026-07-17 23:53:00,AD-02,US_SHIFT,4,N,N,N,False
L103903,Google,USA,America/New_York,2026-07-14 07:13:00,2026-07-18 21:02:00,AD-05,IST_SHIFT,4,N,N,N,False
L103105,Meta,UK,Europe/London,2026-07-14 23:13:00,2026-07-19 08:25:00,AD-01,US_SHIFT,4,N,N,N,False
L100691,Google,USA,America/New_York,2026-07-12 15:57:00,2026-07-19 10:37:00,AD-12,US_SHIFT,4,N,N,N,False
L100371,Organic,UK,Europe/London,2026-07-17 16:51:00,2026-07-20 14:56:00,AD-11,SEA_SHIFT,4,N,N,N,False
L103619,Meta,Singapore,Asia/Singapore,2026-07-15 22:00:00,2026-07-20 23:39:00,AD-10,SEA_SHIFT,4,N,N,N,False
L104403,DSA,USA,America/New_York,2026-07-19 16:43:00,2026-07-21 01:13:00,AD-01,US_SHIFT,4,N,N,N,False
L104799,Meta,USA,America/New_York,2026-07-15 18:52:00,2026-07-22 01:52:00,AD-02,US_SHIFT,4,N,N,N,False
L100523,Meta,UK,Europe/London,2026-07-14 07:54:00,2026-07-22 16:14:00,AD-01,US_SHIFT,4,N,N,N,False
L102461,Meta,USA,America/New_York,2026-07-18 17:22:00,2026-07-22 23:29:00,AD-07,IST_SHIFT,4,N,N,N,False
L101736,Meta,Vietnam,Asia/Ho_Chi_Minh,2026-07-19 23:16:00,2026-07-24 14:23:00,AD-02,US_SHIFT,4,N,N,N,False
L100890,Google,Vietnam,Asia/Ho_Chi_Minh,2026-07-19 00:55:00,2026-07-25 00:25:00,AD-01,US_SHIFT,4,N,N,N,False
L101842,Meta,India,Asia/Kolkata,2026-07-22 16:43:00,2026-07-26 07:22:00,AD-03,US_SHIFT,4,N,N,N,False
L102655,Meta,USA,America/New_York,2026-07-26 11:20:00,2026-07-27 12:23:00,AD-07,IST_SHIFT,4,N,N,N,False
L104959,Meta,UK,Europe/London,2026-07-20 05:01:00,2026-07-27 14:36:00,AD-08,IST_SHIFT,4,N,N,N,False
L101916,Organic,Australia,Australia/Sydney,2026-07-24 20:13:00,2026-07-28 19:36:00,AD-06,IST_SHIFT,4,N,N,N,False
L100586,Meta,USA,America/New_York,2026-07-24 15:14:00,2026-07-28 22:10:00,AD-05,IST_SHIFT,4,N,N,N,False
L104712,Google,Australia,Australia/Sydney,2026-07-26 00:24:00,2026-07-29 16:49:00,AD-04,US_SHIFT,4,N,N,N,False
L101395,Affiliate,India,Asia/Kolkata,2026-07-29 17:17:00,2026-07-30 18:19:00,AD-04,US_SHIFT,4,N,N,N,False
L103811,Meta,USA,America/New_York,2026-07-27 19:48:00,2026-07-31 14:19:00,AD-01,US_SHIFT,4,N,N,N,False
L100039,Google,USA,America/New_York,2026-07-27 11:45:00,2026-07-31 17:11:00,AD-02,US_SHIFT,4,N,N,N,False
L104726,DSA,UAE,Asia/Dubai,2026-07-28 12:09:00,2026-07-31 18:06:00,AD-03,US_SHIFT,4,N,N,N,False
L103962,DSA,UAE,Asia/Dubai,2026-07-25 18:47:00,2026-07-31 21:38:00,AD-12,US_SHIFT,4,N,N,N,False
L103027,Meta,USA,America/New_York,2026-07-26 00:28:00,2026-08-01 08:05:00,AD-05,IST_SHIFT,4,N,N,N,False
L101364,Meta,USA,America/New_York,2026-07-26 08:17:00,2026-08-01 08:23:00,AD-06,IST_SHIFT,4,N,N,N,False
L101665,Referral,UK,Europe/London,2026-07-27 11:45:00,2026-08-02 04:17:00,AD-02,US_SHIFT,4,N,N,N,False
L100547,Meta,UAE,Asia/Dubai,2026-07-27 12:45:00,2026-08-02 08:37:00,AD-03,US_SHIFT,4,N,N,N,False
L103897,Meta,USA,America/New_York,2026-07-29 02:36:00,2026-08-02 09:04:00,AD-07,IST_SHIFT,4,N,N,N,False
L102315,DSA,Australia,Australia/Sydney,2026-07-26 19:37:00,2026-08-03 08:53:00,AD-09,IST_SHIFT,4,N,N,N,False
L100959,Google,Saudi Arabia,Asia/Riyadh,2026-07-31 17:21:00,2026-08-03 11:35:00,AD-01,US_SHIFT,4,N,N,N,False
L104360,Meta,USA,America/New_York,2026-07-31 11:03:00,2026-08-04 20:34:00,AD-02,US_SHIFT,4,N,N,N,False
L101402,DSA,USA,America/New_York,2026-07-24 13:21:00,2026-08-05 00:19:00,AD-10,SEA_SHIFT,4,N,N,N,False
L104489,Organic,Australia,Australia/Sydney,2026-07-31 02:07:00,2026-08-08 19:43:00,AD-06,IST_SHIFT,4,N,N,N,False
L104873,Meta,Vietnam,Asia/Ho_Chi_Minh,2026-06-06 12:26:00,2026-06-07 03:14:00,AD-02,US_SHIFT,5,N,N,N,False
L101487,Google,UK,Europe/London,2026-06-04 05:49:00,2026-06-07 15:28:00,AD-08,IST_SHIFT,5,N,N,N,False
L103141,Meta,UK,Europe/London,2026-06-03 02:55:00,2026-06-07 23:53:00,AD-12,US_SHIFT,5,N,N,N,False
L104082,Affiliate,India,Asia/Kolkata,2026-06-03 19:43:00,2026-06-08 03:44:00,AD-09,IST_SHIFT,5,N,N,N,False
L102953,Meta,India,Asia/Kolkata,2026-06-04 06:04:00,2026-06-09 17:40:00,AD-02,US_SHIFT,5,N,N,N,False
L102551,Organic,USA,America/New_York,2026-06-07 21:20:00,2026-06-10 01:42:00,AD-07,IST_SHIFT,5,N,N,N,False
L101688,Meta,Vietnam,Asia/Ho_Chi_Minh,2026-06-04 05:43:00,2026-06-10 04:26:00,AD-10,SEA_SHIFT,5,N,N,N,False
L103186,Google,Australia,Australia/Sydney,2026-06-06 13:31:00,2026-06-11 10:57:00,AD-12,US_SHIFT,5,N,N,N,False
L104678,Meta,Saudi Arabia,Asia/Riyadh,2026-06-07 03:57:00,2026-06-12 04:02:00,AD-01,US_SHIFT,5,N,N,N,False
L101729,Organic,Saudi Arabia,Asia/Riyadh,2026-06-10 15:53:00,2026-06-16 03:12:00,AD-02,US_SHIFT,5,N,N,N,False
L103280,Organic,Singapore,Asia/Singapore,2026-06-14 14:35:00,2026-06-17 13:51:00,AD-11,SEA_SHIFT,5,N,N,N,False
L102064,Google,UK,Europe/London,2026-06-13 01:03:00,2026-06-18 18:47:00,AD-01,US_SHIFT,5,N,N,N,False
L101468,Organic,Australia,Australia/Sydney,2026-06-14 15:54:00,2026-06-19 01:09:00,AD-05,IST_SHIFT,5,N,N,N,False
L102107,Meta,USA,America/New_York,2026-06-15 06:27:00,2026-06-20 07:06:00,AD-07,IST_SHIFT,5,N,N,N,False
L101611,Affiliate,UAE,Asia/Dubai,2026-06-18 18:40:00,2026-06-23 07:00:00,AD-08,IST_SHIFT,5,N,N,N,False
L102809,Referral,UAE,Asia/Dubai,2026-06-20 04:08:00,2026-06-26 12:22:00,AD-02,US_SHIFT,5,N,N,N,False
L101675,Meta,USA,America/New_York,2026-06-23 13:13:00,2026-06-28 02:52:00,AD-12,US_SHIFT,5,N,N,N,False
L100663,DSA,USA,America/New_York,2026-06-24 06:50:00,2026-06-28 19:51:00,AD-05,IST_SHIFT,5,N,N,N,False
L104692,Referral,India,Asia/Kolkata,2026-06-27 16:17:00,2026-06-30 09:23:00,AD-05,IST_SHIFT,5,N,N,N,False
L100421,Meta,UAE,Asia/Dubai,2026-06-21 08:51:00,2026-06-30 11:03:00,AD-07,IST_SHIFT,5,N,N,N,False
L100908,Meta,USA,America/New_York,2026-06-30 07:00:00,2026-07-03 13:26:00,AD-05,IST_SHIFT,5,N,N,N,False
L103196,Affiliate,Vietnam,Asia/Ho_Chi_Minh,2026-06-27 09:08:00,2026-07-03 23:19:00,AD-03,US_SHIFT,5,N,N,N,False
L103539,Meta,USA,America/New_York,2026-06-30 10:12:00,2026-07-04 05:36:00,AD-06,IST_SHIFT,5,N,N,N,False
L102009,DSA,Saudi Arabia,Asia/Riyadh,2026-07-01 18:36:00,2026-07-04 20:29:00,AD-07,IST_SHIFT,5,N,N,N,False
L104349,Organic,UK,Europe/London,2026-07-02 15:26:00,2026-07-06 14:08:00,AD-04,US_SHIFT,5,N,N,N,False
L104654,Meta,USA,America/New_York,2026-07-01 08:06:00,2026-07-06 15:06:00,AD-10,SEA_SHIFT,5,N,N,N,False
L103908,Google,UAE,Asia/Dubai,2026-07-04 03:58:00,2026-07-07 07:42:00,AD-12,US_SHIFT,5,N,N,N,False
L103772,Google,USA,America/New_York,2026-07-05 23:15:00,2026-07-08 07:50:00,AD-01,US_SHIFT,5,N,N,N,False
L104609,Meta,India,Asia/Kolkata,2026-07-06 08:00:00,2026-07-12 01:28:00,AD-04,US_SHIFT,5,N,N,N,False
L102690,Referral,USA,America/New_York,2026-07-06 13:25:00,2026-07-13 07:24:00,AD-08,IST_SHIFT,5,N,N,N,False
L100948,DSA,Australia,Australia/Sydney,2026-07-11 23:45:00,2026-07-15 05:15:00,AD-09,IST_SHIFT,5,N,N,N,False
L103048,Affiliate,Vietnam,Asia/Ho_Chi_Minh,2026-07-15 17:54:00,2026-07-18 12:51:00,AD-03,US_SHIFT,5,N,N,N,False
L100823,DSA,USA,America/New_York,2026-07-15 04:49:00,2026-07-19 20:11:00,AD-02,US_SHIFT,5,N,N,N,False
L102292,Google,Vietnam,Asia/Ho_Chi_Minh,2026-07-17 02:02:00,2026-07-20 00:02:00,AD-06,IST_SHIFT,5,N,N,N,False
L104743,Google,UAE,Asia/Dubai,2026-07-22 00:53:00,2026-07-22 11:37:00,AD-05,IST_SHIFT,5,N,N,N,False
L101962,Organic,Singapore,Asia/Singapore,2026-07-17 19:50:00,2026-07-23 06:24:00,AD-11,SEA_SHIFT,5,N,N,N,False
L101766,DSA,USA,America/New_York,2026-07-20 18:33:00,2026-07-26 13:13:00,AD-01,US_SHIFT,5,N,N,N,False
L102166,Google,USA,America/New_York,2026-07-24 08:33:00,2026-07-26 19:49:00,AD-12,US_SHIFT,5,N,N,N,False
L100045,Meta,India,Asia/Kolkata,2026-07-21 22:41:00,2026-07-27 06:28:00,AD-04,US_SHIFT,5,N,N,N,False
L103830,Meta,Singapore,Asia/Singapore,2026-07-23 11:02:00,2026-07-31 02:25:00,AD-12,US_SHIFT,5,N,N,N,False
L103431,Meta,UAE,Asia/Dubai,2026-07-22 05:53:00,2026-07-31 23:45:00,AD-02,US_SHIFT,5,N,N,N,False
L101849,Meta,USA,America/New_York,2026-07-30 10:24:00,2026-08-03 06:12:00,AD-06,IST_SHIFT,5,N,N,N,False
L102808,Affiliate,Vietnam,Asia/Ho_Chi_Minh,2026-06-03 10:44:00,2026-06-03 15:29:00,AD-11,SEA_SHIFT,6,N,N,N,False
L100093,Meta,Australia,Australia/Sydney,2026-06-04 09:09:00,2026-06-07 15:42:00,AD-08,IST_SHIFT,6,N,N,N,False
L102236,Affiliate,USA,America/New_York,2026-06-03 05:37:00,2026-06-11 12:37:00,AD-06,IST_SHIFT,6,N,N,N,False
L100832,Meta,UK,Europe/London,2026-06-10 03:04:00,2026-06-14 06:35:00,AD-02,US_SHIFT,6,N,N,N,False
L101211,Meta,UAE,Asia/Dubai,2026-06-13 14:35:00,2026-06-17 04:39:00,AD-01,US_SHIFT,6,N,N,N,False
L100881,Google,USA,America/New_York,2026-06-12 02:56:00,2026-06-19 10:24:00,AD-06,IST_SHIFT,6,N,N,N,False
L103210,Organic,Saudi Arabia,Asia/Riyadh,2026-06-19 19:35:00,2026-06-22 03:46:00,AD-12,US_SHIFT,6,N,N,N,False
L102503,Meta,India,Asia/Kolkata,2026-06-20 22:26:00,2026-06-24 06:46:00,AD-10,SEA_SHIFT,6,N,N,N,False
L104635,Google,India,Asia/Kolkata,2026-06-19 02:56:00,2026-06-24 07:45:00,AD-12,US_SHIFT,6,N,N,N,False
L103883,Meta,UK,Europe/London,2026-06-22 05:12:00,2026-06-26 00:46:00,AD-02,US_SHIFT,6,N,N,N,False
L103235,Meta,UK,Europe/London,2026-06-25 02:15:00,2026-06-29 00:53:00,AD-05,IST_SHIFT,6,N,N,N,False
L101822,Meta,USA,America/New_York,2026-06-22 16:15:00,2026-06-30 06:29:00,AD-03,US_SHIFT,6,N,N,N,False
L104714,Meta,USA,America/New_York,2026-06-28 14:57:00,2026-07-01 10:44:00,AD-04,US_SHIFT,6,N,N,N,False
L101600,Affiliate,Vietnam,Asia/Ho_Chi_Minh,2026-06-30 02:27:00,2026-07-03 07:34:00,AD-10,SEA_SHIFT,6,N,N,N,False
L101432,Affiliate,Vietnam,Asia/Ho_Chi_Minh,2026-06-30 17:36:00,2026-07-05 02:34:00,AD-06,IST_SHIFT,6,N,N,N,False
L104578,Meta,Vietnam,Asia/Ho_Chi_Minh,2026-07-03 12:14:00,2026-07-08 08:00:00,AD-06,IST_SHIFT,6,N,N,N,False
L102230,Affiliate,USA,America/New_York,2026-07-07 15:56:00,2026-07-11 12:33:00,AD-06,IST_SHIFT,6,N,N,N,False
L100639,DSA,USA,America/New_York,2026-07-12 00:14:00,2026-07-15 00:24:00,AD-08,IST_SHIFT,6,N,N,N,False
L103798,Meta,UAE,Asia/Dubai,2026-07-14 12:34:00,2026-07-16 16:13:00,AD-12,US_SHIFT,6,N,N,N,False
L104069,DSA,USA,America/New_York,2026-07-14 21:18:00,2026-07-18 11:58:00,AD-09,IST_SHIFT,6,N,N,N,False
L100974,Google,UK,Europe/London,2026-07-25 08:31:00,2026-07-28 07:09:00,AD-03,US_SHIFT,6,N,N,N,False
L101702,Meta,Vietnam,Asia/Ho_Chi_Minh,2026-07-23 02:30:00,2026-07-28 08:28:00,AD-07,IST_SHIFT,6,N,N,N,False
L101854,Google,USA,America/New_York,2026-07-25 05:33:00,2026-07-31 07:04:00,AD-06,IST_SHIFT,6,N,N,N,False
L100554,Affiliate,Vietnam,Asia/Ho_Chi_Minh,2026-07-31 12:08:00,2026-08-03 13:44:00,AD-09,IST_SHIFT,6,N,N,N,False
L104367,Meta,USA,America/New_York,2026-06-02 05:23:00,2026-06-02 17:37:00,AD-02,US_SHIFT,7,N,N,N,False
L100605,Google,USA,America/New_York,2026-06-02 10:02:00,2026-06-05 05:38:00,AD-03,US_SHIFT,7,N,N,N,False
L102631,Meta,Vietnam,Asia/Ho_Chi_Minh,2026-06-01 06:27:00,2026-06-07 15:07:00,AD-09,IST_SHIFT,7,N,N,N,False
L102754,Meta,UK,Europe/London,2026-06-04 21:15:00,2026-06-08 05:46:00,AD-11,SEA_SHIFT,7,N,N,N,False
L100981,Google,India,Asia/Kolkata,2026-06-14 07:48:00,2026-06-22 19:54:00,AD-08,IST_SHIFT,7,N,N,N,False
L104445,Organic,Saudi Arabia,Asia/Riyadh,2026-07-02 16:50:00,2026-07-07 18:04:00,AD-12,US_SHIFT,7,N,N,N,False
L102186,Affiliate,UAE,Asia/Dubai,2026-07-20 20:53:00,2026-07-24 04:39:00,AD-02,US_SHIFT,7,N,N,N,False
L104158,Google,India,Asia/Kolkata,2026-07-29 18:49:00,2026-08-01 09:00:00,AD-03,US_SHIFT,7,N,N,N,False
L101237,Meta,USA,America/New_York,2026-06-15 12:04:00,2026-06-19 19:31:00,AD-05,IST_SHIFT,8,N,N,N,False
L100992,Organic,India,Asia/Kolkata,2026-06-21 01:48:00,2026-06-25 02:53:00,AD-02,US_SHIFT,8,N,N,N,False
L104628,Meta,USA,America/New_York,2026-07-15 16:41:00,2026-07-19 22:42:00,AD-03,US_SHIFT,8,N,N,N,False
L101653,Meta,UK,Europe/London,2026-07-26 13:43:00,2026-08-01 07:17:00,AD-05,IST_SHIFT,8,N,N,N,False
L103361,Affiliate,UAE,Asia/Dubai,2026-07-25 07:41:00,2026-08-03 03:52:00,AD-10,SEA_SHIFT,8,N,N,N,False
